task	subject	image
adni_diagnosis	002S0413	sub-002S0413_ses-20110616_run-01_T1w.nii.gz
adni_diagnosis	002S0685	sub-002S0685_ses-20110708_run-01_T1w.nii.gz
adni_diagnosis	002S4171	sub-002S4171_ses-20110808_run-01_T1w.nii.gz
adni_diagnosis	002S4213	sub-002S4213_ses-20110902_run-01_T1w.nii.gz
adni_diagnosis	002S4237	sub-002S4237_ses-20110926_run-01_T1w.nii.gz
adni_diagnosis	002S4746	sub-002S4746_ses-20120529_run-01_T1w.nii.gz
adni_diagnosis	002S6009	sub-002S6009_ses-20170417_T1w.nii.gz
adni_diagnosis	002S6030	sub-002S6030_ses-20170615_T1w.nii.gz
adni_diagnosis	002S6103	sub-002S6103_ses-20171120_T1w.nii.gz
adni_diagnosis	003S10622	sub-003S10622_ses-20250326_T1w.nii.gz
adni_diagnosis	003S4136	sub-003S4136_ses-20110810_run-01_T1w.nii.gz
adni_diagnosis	003S4142	sub-003S4142_ses-20110831_run-01_T1w.nii.gz
adni_diagnosis	003S4152	sub-003S4152_ses-20110830_run-01_T1w.nii.gz
adni_diagnosis	003S4288	sub-003S4288_ses-20111020_run-01_T1w.nii.gz
adni_diagnosis	003S4373	sub-003S4373_ses-20111215_run-01_T1w.nii.gz
adni_diagnosis	003S5165	sub-003S5165_ses-20130516_run-01_T1w.nii.gz
adni_diagnosis	003S5187	sub-003S5187_ses-20130607_run-01_T1w.nii.gz
adni_diagnosis	003S6067	sub-003S6067_ses-20170818_T1w.nii.gz
adni_diagnosis	003S6268	sub-003S6268_ses-20180605_T1w.nii.gz
adni_diagnosis	003S6606	sub-003S6606_ses-20181108_T1w.nii.gz
adni_diagnosis	003S6678	sub-003S6678_ses-20190122_T1w.nii.gz
adni_diagnosis	003S6924	sub-003S6924_ses-20210330_T1w.nii.gz
adni_diagnosis	005S10205	sub-005S10205_ses-20251021_T1w.nii.gz
adni_diagnosis	005S4707	sub-005S4707_ses-20120515_run-01_T1w.nii.gz
adni_diagnosis	005S4910	sub-005S4910_ses-20120921_run-01_T1w.nii.gz
adni_diagnosis	005S5119	sub-005S5119_ses-20130328_run-01_T1w.nii.gz
adni_diagnosis	005S6084	sub-005S6084_ses-20171005_T1w.nii.gz
adni_diagnosis	006S4150	sub-006S4150_ses-20110808_run-01_T1w.nii.gz
adni_diagnosis	006S4153	sub-006S4153_ses-20110803_run-01_T1w.nii.gz
adni_diagnosis	006S4192	sub-006S4192_ses-20110927_run-01_T1w.nii.gz
adni_diagnosis	006S4449	sub-006S4449_ses-20120119_run-01_T1w.nii.gz
adni_diagnosis	006S4546	sub-006S4546_ses-20120305_run-01_T1w.nii.gz
adni_diagnosis	006S4867	sub-006S4867_ses-20120807_run-01_T1w.nii.gz
adni_diagnosis	006S6657	sub-006S6657_ses-20190212_T1w.nii.gz
adni_diagnosis	006S6682	sub-006S6682_ses-20190228_T1w.nii.gz
adni_diagnosis	006S6689	sub-006S6689_ses-20190227_T1w.nii.gz
adni_diagnosis	007S10075	sub-007S10075_ses-20240405_T1w.nii.gz
adni_diagnosis	007S10130	sub-007S10130_ses-20240723_T1w.nii.gz
adni_diagnosis	007S2106	sub-007S2106_ses-20100927_run-01_T1w.nii.gz
adni_diagnosis	007S4568	sub-007S4568_ses-20120301_run-01_T1w.nii.gz
adni_diagnosis	007S5196	sub-007S5196_ses-20130603_run-01_T1w.nii.gz
adni_diagnosis	007S6310	sub-007S6310_ses-20180409_T1w.nii.gz
adni_diagnosis	009S0842	sub-009S0842_ses-20111024_run-01_T1w.nii.gz
adni_diagnosis	009S4543	sub-009S4543_ses-20120301_run-01_T1w.nii.gz
adni_diagnosis	009S5027	sub-009S5027_ses-20121129_run-01_T1w.nii.gz
adni_diagnosis	009S5037	sub-009S5037_ses-20130108_run-01_T1w.nii.gz
adni_diagnosis	009S5147	sub-009S5147_ses-20130417_run-01_T1w.nii.gz
adni_diagnosis	009S5252	sub-009S5252_ses-20130718_run-02_T1w.nii.gz
adni_diagnosis	010S10871	sub-010S10871_ses-20250812_T1w.nii.gz
adni_diagnosis	011S10257	sub-011S10257_ses-20241010_T1w.nii.gz
adni_diagnosis	011S10296	sub-011S10296_ses-20241113_T1w.nii.gz
adni_diagnosis	011S10359	sub-011S10359_ses-20250130_T1w.nii.gz
adni_diagnosis	011S4075	sub-011S4075_ses-20110610_run-01_T1w.nii.gz
adni_diagnosis	011S4366	sub-011S4366_ses-20111114_run-01_T1w.nii.gz
adni_diagnosis	011S4827	sub-011S4827_ses-20120702_run-01_T1w.nii.gz
adni_diagnosis	011S4893	sub-011S4893_ses-20120910_run-01_T1w.nii.gz
adni_diagnosis	011S4912	sub-011S4912_ses-20120822_run-01_T1w.nii.gz
adni_diagnosis	012S4094	sub-012S4094_ses-20110707_run-01_T1w.nii.gz
adni_diagnosis	012S4545	sub-012S4545_ses-20120314_run-02_T1w.nii.gz
adni_diagnosis	012S4642	sub-012S4642_ses-20120410_run-02_T1w.nii.gz
adni_diagnosis	013S4595	sub-013S4595_ses-20120420_run-01_T1w.nii.gz
adni_diagnosis	013S6768	sub-013S6768_ses-20190719_run-02_T1w.nii.gz
adni_diagnosis	014S10236	sub-014S10236_ses-20240916_T1w.nii.gz
adni_diagnosis	014S10351	sub-014S10351_ses-20250114_T1w.nii.gz
adni_diagnosis	014S6502	sub-014S6502_ses-20180815_run-01_T1w.nii.gz
adni_diagnosis	014S6765	sub-014S6765_ses-20190703_run-01_T1w.nii.gz
adni_diagnosis	014S6944	sub-014S6944_ses-20210602_run-01_T1w.nii.gz
adni_diagnosis	016S0359	sub-016S0359_ses-20160714_run-01_T1w.nii.gz
adni_diagnosis	016S10138	sub-016S10138_ses-20240618_T1w.nii.gz
adni_diagnosis	016S10174	sub-016S10174_ses-20240723_T1w.nii.gz
adni_diagnosis	016S2031	sub-016S2031_ses-20100811_run-01_T1w.nii.gz
adni_diagnosis	016S4121	sub-016S4121_ses-20110715_run-01_T1w.nii.gz
adni_diagnosis	016S4353	sub-016S4353_ses-20111118_run-01_T1w.nii.gz
adni_diagnosis	016S4583	sub-016S4583_ses-20120329_run-01_T1w.nii.gz
adni_diagnosis	016S4887	sub-016S4887_ses-20120821_run-01_T1w.nii.gz
adni_diagnosis	016S4952	sub-016S4952_ses-20121001_run-01_T1w.nii.gz
adni_diagnosis	016S4963	sub-016S4963_ses-20121010_run-01_T1w.nii.gz
adni_diagnosis	016S5032	sub-016S5032_ses-20121129_run-01_T1w.nii.gz
adni_diagnosis	016S6708	sub-016S6708_ses-20190326_T1w.nii.gz
adni_diagnosis	016S6802	sub-016S6802_ses-20190821_T1w.nii.gz
adni_diagnosis	016S6839	sub-016S6839_ses-20191203_T1w.nii.gz
adni_diagnosis	016S6853	sub-016S6853_ses-20200204_T1w.nii.gz
adni_diagnosis	016S6931	sub-016S6931_ses-20210416_T1w.nii.gz
adni_diagnosis	016S7039	sub-016S7039_ses-20220120_T1w.nii.gz
adni_diagnosis	018S4597	sub-018S4597_ses-20120314_run-01_T1w.nii.gz
adni_diagnosis	018S4733	sub-018S4733_ses-20120523_run-01_T1w.nii.gz
adni_diagnosis	018S5074	sub-018S5074_ses-20130215_run-01_T1w.nii.gz
adni_diagnosis	019S4252	sub-019S4252_ses-20110928_run-01_T1w.nii.gz
adni_diagnosis	019S4477	sub-019S4477_ses-20120125_run-01_T1w.nii.gz
adni_diagnosis	019S6186	sub-019S6186_ses-20180129_T1w.nii.gz
adni_diagnosis	019S6573	sub-019S6573_ses-20180911_T1w.nii.gz
adni_diagnosis	021S4245	sub-021S4245_ses-20110922_run-01_T1w.nii.gz
adni_diagnosis	021S4254	sub-021S4254_ses-20110926_run-01_T1w.nii.gz
adni_diagnosis	021S4276	sub-021S4276_ses-20111007_run-01_T1w.nii.gz
adni_diagnosis	021S4419	sub-021S4419_ses-20111219_run-01_T1w.nii.gz
adni_diagnosis	021S4718	sub-021S4718_ses-20120516_run-01_T1w.nii.gz
adni_diagnosis	021S4924	sub-021S4924_ses-20120905_run-01_T1w.nii.gz
adni_diagnosis	021S5236	sub-021S5236_ses-20130627_run-01_T1w.nii.gz
adni_diagnosis	021S6312	sub-021S6312_ses-20180419_T1w.nii.gz
adni_diagnosis	021S6918	sub-021S6918_ses-20210322_T1w.nii.gz
adni_diagnosis	022S10055	sub-022S10055_ses-20240314_T1w.nii.gz
adni_diagnosis	022S10136	sub-022S10136_ses-20240724_T1w.nii.gz
adni_diagnosis	022S10143	sub-022S10143_ses-20240702_T1w.nii.gz
adni_diagnosis	022S10432	sub-022S10432_ses-20250129_T1w.nii.gz
adni_diagnosis	022S10473	sub-022S10473_ses-20250304_T1w.nii.gz
adni_diagnosis	022S4173	sub-022S4173_ses-20110913_run-01_T1w.nii.gz
adni_diagnosis	022S4320	sub-022S4320_ses-20111109_run-01_T1w.nii.gz
adni_diagnosis	022S6013	sub-022S6013_ses-20170426_run-02_T1w.nii.gz
adni_diagnosis	022S6796	sub-022S6796_ses-20190903_T1w.nii.gz
adni_diagnosis	022S6863	sub-022S6863_ses-20200820_T1w.nii.gz
adni_diagnosis	023S4115	sub-023S4115_ses-20110830_run-01_T1w.nii.gz
adni_diagnosis	023S4164	sub-023S4164_ses-20110830_run-01_T1w.nii.gz
adni_diagnosis	023S4501	sub-023S4501_ses-20120322_run-01_T1w.nii.gz
adni_diagnosis	023S5120	sub-023S5120_ses-20130515_run-01_T1w.nii.gz
adni_diagnosis	023S5241	sub-023S5241_ses-20130809_run-01_T1w.nii.gz
adni_diagnosis	023S6334	sub-023S6334_ses-20180504_T1w.nii.gz
adni_diagnosis	023S6535	sub-023S6535_ses-20180802_run-01_T1w.nii.gz
adni_diagnosis	023S6702	sub-023S6702_ses-20190312_T1w.nii.gz
adni_diagnosis	024S4223	sub-024S4223_ses-20110912_run-01_T1w.nii.gz
adni_diagnosis	024S4622	sub-024S4622_ses-20120330_run-01_T1w.nii.gz
adni_diagnosis	024S6846	sub-024S6846_ses-20200113_T1w.nii.gz
adni_diagnosis	027S0074	sub-027S0074_ses-20190124_T1w.nii.gz
adni_diagnosis	027S10316	sub-027S10316_ses-20241031_T1w.nii.gz
adni_diagnosis	027S10457	sub-027S10457_ses-20250130_T1w.nii.gz
adni_diagnosis	027S10520	sub-027S10520_ses-20250227_T1w.nii.gz
adni_diagnosis	027S10855	sub-027S10855_ses-20250724_T1w.nii.gz
adni_diagnosis	027S2219	sub-027S2219_ses-20101207_run-01_T1w.nii.gz
adni_diagnosis	027S4802	sub-027S4802_ses-20120722_run-01_T1w.nii.gz
adni_diagnosis	027S4873	sub-027S4873_ses-20120808_run-01_T1w.nii.gz
adni_diagnosis	027S4926	sub-027S4926_ses-20120920_run-01_T1w.nii.gz
adni_diagnosis	027S4938	sub-027S4938_ses-20120926_run-01_T1w.nii.gz
adni_diagnosis	027S4943	sub-027S4943_ses-20120918_run-01_T1w.nii.gz
adni_diagnosis	027S4955	sub-027S4955_ses-20121004_run-01_T1w.nii.gz
adni_diagnosis	027S4964	sub-027S4964_ses-20121006_run-01_T1w.nii.gz
adni_diagnosis	027S5079	sub-027S5079_ses-20130212_run-01_T1w.nii.gz
adni_diagnosis	027S5083	sub-027S5083_ses-20130221_run-01_T1w.nii.gz
adni_diagnosis	027S5109	sub-027S5109_ses-20130325_run-01_T1w.nii.gz
adni_diagnosis	027S6370	sub-027S6370_ses-20180706_T1w.nii.gz
adni_diagnosis	027S6463	sub-027S6463_ses-20180726_T1w.nii.gz
adni_diagnosis	027S6961	sub-027S6961_ses-20210615_T1w.nii.gz
adni_diagnosis	027S6965	sub-027S6965_ses-20210625_T1w.nii.gz
adni_diagnosis	027S7007	sub-027S7007_ses-20210929_T1w.nii.gz
adni_diagnosis	029S0914	sub-029S0914_ses-20160115_run-01_T1w.nii.gz
adni_diagnosis	029S10478	sub-029S10478_ses-20250217_T1w.nii.gz
adni_diagnosis	029S2376	sub-029S2376_ses-20130715_run-02_T1w.nii.gz
adni_diagnosis	029S5166	sub-029S5166_ses-20130522_run-02_T1w.nii.gz
adni_diagnosis	029S6505	sub-029S6505_ses-20180906_T1w.nii.gz
adni_diagnosis	031S10720	sub-031S10720_ses-20250602_run-01_T1w.nii.gz
adni_diagnosis	031S6715	sub-031S6715_ses-20190411_T1w.nii.gz
adni_diagnosis	032S2119	sub-032S2119_ses-20101005_run-01_T1w.nii.gz
adni_diagnosis	032S2247	sub-032S2247_ses-20101222_run-01_T1w.nii.gz
adni_diagnosis	032S6279	sub-032S6279_ses-20180404_T1w.nii.gz
adni_diagnosis	032S6600	sub-032S6600_ses-20181019_T1w.nii.gz
adni_diagnosis	032S6700	sub-032S6700_ses-20190415_T1w.nii.gz
adni_diagnosis	032S6701	sub-032S6701_ses-20190415_T1w.nii.gz
adni_diagnosis	032S6855	sub-032S6855_ses-20200224_T1w.nii.gz
adni_diagnosis	033S10049	sub-033S10049_ses-20240214_T1w.nii.gz
adni_diagnosis	033S10144	sub-033S10144_ses-20240705_T1w.nii.gz
adni_diagnosis	033S10147	sub-033S10147_ses-20240701_T1w.nii.gz
adni_diagnosis	033S10170	sub-033S10170_ses-20240725_T1w.nii.gz
adni_diagnosis	033S10196	sub-033S10196_ses-20240815_T1w.nii.gz
adni_diagnosis	033S10210	sub-033S10210_ses-20240828_T1w.nii.gz
adni_diagnosis	033S10249	sub-033S10249_ses-20240920_T1w.nii.gz
adni_diagnosis	033S10379	sub-033S10379_ses-20241127_T1w.nii.gz
adni_diagnosis	033S10693	sub-033S10693_ses-20250502_T1w.nii.gz
adni_diagnosis	033S10739	sub-033S10739_ses-20250701_T1w.nii.gz
adni_diagnosis	033S10793	sub-033S10793_ses-20250519_T1w.nii.gz
adni_diagnosis	033S4176	sub-033S4176_ses-20130904_run-02_T1w.nii.gz
adni_diagnosis	033S6705	sub-033S6705_ses-20190326_T1w.nii.gz
adni_diagnosis	033S6969	sub-033S6969_ses-20210618_T1w.nii.gz
adni_diagnosis	033S6976	sub-033S6976_ses-20210702_T1w.nii.gz
adni_diagnosis	033S7114	sub-033S7114_ses-20221021_T1w.nii.gz
adni_diagnosis	035S0156	sub-035S0156_ses-20160613_run-01_T1w.nii.gz
adni_diagnosis	035S10067	sub-035S10067_ses-20240311_T1w.nii.gz
adni_diagnosis	035S10093	sub-035S10093_ses-20240408_T1w.nii.gz
adni_diagnosis	035S10340	sub-035S10340_ses-20241115_T1w.nii.gz
adni_diagnosis	035S10455	sub-035S10455_ses-20250129_T1w.nii.gz
adni_diagnosis	035S4256	sub-035S4256_ses-20111214_run-01_T1w.nii.gz
adni_diagnosis	035S4783	sub-035S4783_ses-20120702_run-01_T1w.nii.gz
adni_diagnosis	035S6660	sub-035S6660_ses-20190204_T1w.nii.gz
adni_diagnosis	035S6927	sub-035S6927_ses-20241209_T1w.nii.gz
adni_diagnosis	035S6947	sub-035S6947_ses-20240529_T1w.nii.gz
adni_diagnosis	035S7121	sub-035S7121_ses-20240312_T1w.nii.gz
adni_diagnosis	036S10133	sub-036S10133_ses-20240612_T1w.nii.gz
adni_diagnosis	036S10314	sub-036S10314_ses-20241030_T1w.nii.gz
adni_diagnosis	036S2380	sub-036S2380_ses-20110601_run-01_T1w.nii.gz
adni_diagnosis	036S4430	sub-036S4430_ses-20111223_run-01_T1w.nii.gz
adni_diagnosis	036S4538	sub-036S4538_ses-20120305_run-01_T1w.nii.gz
adni_diagnosis	036S4714	sub-036S4714_ses-20120511_run-01_T1w.nii.gz
adni_diagnosis	036S4740	sub-036S4740_ses-20120525_run-01_T1w.nii.gz
adni_diagnosis	036S5063	sub-036S5063_ses-20130116_run-01_T1w.nii.gz
adni_diagnosis	036S5112	sub-036S5112_ses-20130506_run-01_T1w.nii.gz
adni_diagnosis	036S5149	sub-036S5149_ses-20130415_run-01_T1w.nii.gz
adni_diagnosis	036S5210	sub-036S5210_ses-20130612_run-02_T1w.nii.gz
adni_diagnosis	036S6179	sub-036S6179_ses-20180123_T1w.nii.gz
adni_diagnosis	036S6231	sub-036S6231_ses-20180305_T1w.nii.gz
adni_diagnosis	036S6316	sub-036S6316_ses-20180426_T1w.nii.gz
adni_diagnosis	036S7023	sub-036S7023_ses-20211103_T1w.nii.gz
adni_diagnosis	036S7044	sub-036S7044_ses-20220221_T1w.nii.gz
adni_diagnosis	037S0454	sub-037S0454_ses-20130114_run-01_T1w.nii.gz
adni_diagnosis	037S0566	sub-037S0566_ses-20121206_run-01_T1w.nii.gz
adni_diagnosis	037S10062	sub-037S10062_ses-20240424_T1w.nii.gz
adni_diagnosis	037S10131	sub-037S10131_ses-20240816_T1w.nii.gz
adni_diagnosis	037S10209	sub-037S10209_ses-20241212_T1w.nii.gz
adni_diagnosis	037S10243	sub-037S10243_ses-20241028_T1w.nii.gz
adni_diagnosis	037S4030	sub-037S4030_ses-20110505_run-01_T1w.nii.gz
adni_diagnosis	037S4879	sub-037S4879_ses-20120906_run-01_T1w.nii.gz
adni_diagnosis	037S5162	sub-037S5162_ses-20130503_run-01_T1w.nii.gz
adni_diagnosis	037S6144	sub-037S6144_ses-20171212_T1w.nii.gz
adni_diagnosis	037S6204	sub-037S6204_ses-20180309_T1w.nii.gz
adni_diagnosis	037S6216	sub-037S6216_ses-20180503_T1w.nii.gz
adni_diagnosis	037S6956	sub-037S6956_ses-20210701_T1w.nii.gz
adni_diagnosis	037S6993	sub-037S6993_ses-20210910_T1w.nii.gz
adni_diagnosis	041S4060	sub-041S4060_ses-20110601_run-01_T1w.nii.gz
adni_diagnosis	041S4375	sub-041S4375_ses-20111216_run-01_T1w.nii.gz
adni_diagnosis	041S4629	sub-041S4629_ses-20120417_run-01_T1w.nii.gz
adni_diagnosis	041S4876	sub-041S4876_ses-20120814_run-01_T1w.nii.gz
adni_diagnosis	041S4974	sub-041S4974_ses-20121015_run-01_T1w.nii.gz
adni_diagnosis	041S5026	sub-041S5026_ses-20121120_run-01_T1w.nii.gz
adni_diagnosis	041S5244	sub-041S5244_ses-20130710_run-01_T1w.nii.gz
adni_diagnosis	041S6136	sub-041S6136_ses-20171208_T1w.nii.gz
adni_diagnosis	051S5005	sub-051S5005_ses-20121106_run-01_T1w.nii.gz
adni_diagnosis	052S10185	sub-052S10185_ses-20240808_T1w.nii.gz
adni_diagnosis	052S10188	sub-052S10188_ses-20240829_T1w.nii.gz
adni_diagnosis	052S10211	sub-052S10211_ses-20240827_T1w.nii.gz
adni_diagnosis	052S10252	sub-052S10252_ses-20241001_T1w.nii.gz
adni_diagnosis	052S10260	sub-052S10260_ses-20241112_T1w.nii.gz
adni_diagnosis	052S10400	sub-052S10400_ses-20250102_T1w.nii.gz
adni_diagnosis	052S10449	sub-052S10449_ses-20250212_T1w.nii.gz
adni_diagnosis	052S1346	sub-052S1346_ses-20150331_run-02_T1w.nii.gz
adni_diagnosis	052S4626	sub-052S4626_ses-20120403_run-01_T1w.nii.gz
adni_diagnosis	052S4945	sub-052S4945_ses-20121024_run-01_T1w.nii.gz
adni_diagnosis	052S4959	sub-052S4959_ses-20130304_run-01_T1w.nii.gz
adni_diagnosis	052S5062	sub-052S5062_ses-20130125_run-01_T1w.nii.gz
adni_diagnosis	053S2357	sub-053S2357_ses-20110420_run-01_T1w.nii.gz
adni_diagnosis	053S5070	sub-053S5070_ses-20130131_run-01_T1w.nii.gz
adni_diagnosis	053S5208	sub-053S5208_ses-20130617_run-02_T1w.nii.gz
adni_diagnosis	053S5272	sub-053S5272_ses-20130812_run-01_T1w.nii.gz
adni_diagnosis	053S5287	sub-053S5287_ses-20130910_run-02_T1w.nii.gz
adni_diagnosis	053S7109	sub-053S7109_ses-20220922_T1w.nii.gz
adni_diagnosis	057S4110	sub-057S4110_ses-20110708_run-02_T1w.nii.gz
adni_diagnosis	057S4888	sub-057S4888_ses-20120803_run-01_T1w.nii.gz
adni_diagnosis	057S6746	sub-057S6746_ses-20190611_T1w.nii.gz
adni_diagnosis	057S6869	sub-057S6869_ses-20210224_T1w.nii.gz
adni_diagnosis	067S10605	sub-067S10605_ses-20250411_T1w.nii.gz
adni_diagnosis	067S4212	sub-067S4212_ses-20110906_run-01_T1w.nii.gz
adni_diagnosis	067S6518	sub-067S6518_ses-20180809_T1w.nii.gz
adni_diagnosis	067S6957	sub-067S6957_ses-20210716_T1w.nii.gz
adni_diagnosis	067S6989	sub-067S6989_ses-20210921_T1w.nii.gz
adni_diagnosis	067S7033	sub-067S7033_ses-20220103_T1w.nii.gz
adni_diagnosis	068S0127	sub-068S0127_ses-20170920_T1w.nii.gz
adni_diagnosis	068S2316	sub-068S2316_ses-20110711_run-01_T1w.nii.gz
adni_diagnosis	068S4217	sub-068S4217_ses-20110906_run-01_T1w.nii.gz
adni_diagnosis	068S4274	sub-068S4274_ses-20111010_run-01_T1w.nii.gz
adni_diagnosis	068S4914	sub-068S4914_ses-20120904_run-01_T1w.nii.gz
adni_diagnosis	068S4968	sub-068S4968_ses-20130215_run-01_T1w.nii.gz
adni_diagnosis	068S5146	sub-068S5146_ses-20130515_run-01_T1w.nii.gz
adni_diagnosis	068S5206	sub-068S5206_ses-20130626_run-01_T1w.nii.gz
adni_diagnosis	070S4708	sub-070S4708_ses-20120515_run-01_T1w.nii.gz
adni_diagnosis	070S4798	sub-070S4798_ses-20120628_run-01_T1w.nii.gz
adni_diagnosis	070S6542	sub-070S6542_ses-20180806_run-02_T1w.nii.gz
adni_diagnosis	070S6548	sub-070S6548_ses-20180808_run-01_T1w.nii.gz
adni_diagnosis	070S6886	sub-070S6886_ses-20200909_run-02_T1w.nii.gz
adni_diagnosis	070S6911	sub-070S6911_ses-20210303_run-02_T1w.nii.gz
adni_diagnosis	070S6966	sub-070S6966_ses-20210628_run-02_T1w.nii.gz
adni_diagnosis	072S4102	sub-072S4102_ses-20110720_run-01_T1w.nii.gz
adni_diagnosis	072S4522	sub-072S4522_ses-20120217_run-01_T1w.nii.gz
adni_diagnosis	072S4539	sub-072S4539_ses-20120305_run-01_T1w.nii.gz
adni_diagnosis	072S5207	sub-072S5207_ses-20130612_run-02_T1w.nii.gz
adni_diagnosis	073S0089	sub-073S0089_ses-20101004_run-01_T1w.nii.gz
adni_diagnosis	073S10006	sub-073S10006_ses-20230914_T1w.nii.gz
adni_diagnosis	073S10105	sub-073S10105_ses-20240502_T1w.nii.gz
adni_diagnosis	073S10113	sub-073S10113_ses-20240503_T1w.nii.gz
adni_diagnosis	073S10245	sub-073S10245_ses-20241106_T1w.nii.gz
adni_diagnosis	073S10529	sub-073S10529_ses-20250311_T1w.nii.gz
adni_diagnosis	073S4155	sub-073S4155_ses-20110728_run-01_T1w.nii.gz
adni_diagnosis	073S4559	sub-073S4559_ses-20120224_run-01_T1w.nii.gz
adni_diagnosis	073S4614	sub-073S4614_ses-20120316_run-01_T1w.nii.gz
adni_diagnosis	073S4777	sub-073S4777_ses-20120601_run-01_T1w.nii.gz
adni_diagnosis	073S4795	sub-073S4795_ses-20120606_run-01_T1w.nii.gz
adni_diagnosis	073S5016	sub-073S5016_ses-20121025_run-01_T1w.nii.gz
adni_diagnosis	073S5167	sub-073S5167_ses-20130426_run-02_T1w.nii.gz
adni_diagnosis	073S6670	sub-073S6670_ses-20210401_T1w.nii.gz
adni_diagnosis	073S7082	sub-073S7082_ses-20220720_T1w.nii.gz
adni_diagnosis	082S10153	sub-082S10153_ses-20250521_T1w.nii.gz
adni_diagnosis	082S10220	sub-082S10220_ses-20250715_T1w.nii.gz
adni_diagnosis	082S10809	sub-082S10809_ses-20250609_T1w.nii.gz
adni_diagnosis	082S2099	sub-082S2099_ses-20100920_run-01_T1w.nii.gz
adni_diagnosis	082S2121	sub-082S2121_ses-20101012_run-01_T1w.nii.gz
adni_diagnosis	082S4428	sub-082S4428_ses-20111220_run-01_T1w.nii.gz
adni_diagnosis	082S5029	sub-082S5029_ses-20121114_run-01_T1w.nii.gz
adni_diagnosis	082S5279	sub-082S5279_ses-20130819_run-02_T1w.nii.gz
adni_diagnosis	082S5282	sub-082S5282_ses-20130829_run-01_T1w.nii.gz
adni_diagnosis	082S6283	sub-082S6283_ses-20180502_T1w.nii.gz
adni_diagnosis	094S2216	sub-094S2216_ses-20110201_run-01_T1w.nii.gz
adni_diagnosis	094S2367	sub-094S2367_ses-20110427_run-01_T1w.nii.gz
adni_diagnosis	094S4089	sub-094S4089_ses-20110629_run-01_T1w.nii.gz
adni_diagnosis	094S4295	sub-094S4295_ses-20111018_run-01_T1w.nii.gz
adni_diagnosis	094S4560	sub-094S4560_ses-20120316_run-01_T1w.nii.gz
adni_diagnosis	094S4737	sub-094S4737_ses-20120608_run-01_T1w.nii.gz
adni_diagnosis	094S6278	sub-094S6278_ses-20180524_T1w.nii.gz
adni_diagnosis	094S6736	sub-094S6736_ses-20190712_T1w.nii.gz
adni_diagnosis	098S4215	sub-098S4215_ses-20110912_run-01_T1w.nii.gz
adni_diagnosis	098S6343	sub-098S6343_ses-20240731_T1w.nii.gz
adni_diagnosis	098S6362	sub-098S6362_ses-20240626_T1w.nii.gz
adni_diagnosis	099S4205	sub-099S4205_ses-20111007_run-01_T1w.nii.gz
adni_diagnosis	099S6379	sub-099S6379_ses-20180612_T1w.nii.gz
adni_diagnosis	100S10029	sub-100S10029_ses-20240206_run-01_T1w.nii.gz
adni_diagnosis	100S4512	sub-100S4512_ses-20120418_run-01_T1w.nii.gz
adni_diagnosis	100S5106	sub-100S5106_ses-20130422_run-01_T1w.nii.gz
adni_diagnosis	100S6713	sub-100S6713_ses-20190418_T1w.nii.gz
adni_diagnosis	109S2200	sub-109S2200_ses-20101122_run-01_T1w.nii.gz
adni_diagnosis	109S4471	sub-109S4471_ses-20120214_run-01_T1w.nii.gz
adni_diagnosis	109S4594	sub-109S4594_ses-20120330_run-01_T1w.nii.gz
adni_diagnosis	109S6213	sub-109S6213_ses-20180228_run-01_T1w.nii.gz
adni_diagnosis	109S6215	sub-109S6215_ses-20180313_run-01_T1w.nii.gz
adni_diagnosis	109S6363	sub-109S6363_ses-20180718_run-02_T1w.nii.gz
adni_diagnosis	109S6364	sub-109S6364_ses-20181018_run-02_T1w.nii.gz
adni_diagnosis	114S10412	sub-114S10412_ses-20250110_T1w.nii.gz
adni_diagnosis	114S10841	sub-114S10841_ses-20250708_T1w.nii.gz
adni_diagnosis	114S5234	sub-114S5234_ses-20130627_run-02_T1w.nii.gz
adni_diagnosis	116S0382	sub-116S0382_ses-20180816_run-01_T1w.nii.gz
adni_diagnosis	116S10365	sub-116S10365_ses-20241125_T1w.nii.gz
adni_diagnosis	116S10621	sub-116S10621_ses-20250317_T1w.nii.gz
adni_diagnosis	116S10683	sub-116S10683_ses-20250423_T1w.nii.gz
adni_diagnosis	116S4010	sub-116S4010_ses-20110331_run-01_T1w.nii.gz
adni_diagnosis	116S4338	sub-116S4338_ses-20111102_run-01_T1w.nii.gz
adni_diagnosis	116S4537	sub-116S4537_ses-20120216_run-01_T1w.nii.gz
adni_diagnosis	116S4625	sub-116S4625_ses-20120329_run-01_T1w.nii.gz
adni_diagnosis	116S6133	sub-116S6133_ses-20171212_run-02_T1w.nii.gz
adni_diagnosis	116S6439	sub-116S6439_ses-20180629_run-01_T1w.nii.gz
adni_diagnosis	116S6458	sub-116S6458_ses-20180709_run-01_T1w.nii.gz
adni_diagnosis	116S6517	sub-116S6517_ses-20180910_run-02_T1w.nii.gz
adni_diagnosis	116S6624	sub-116S6624_ses-20181102_run-01_T1w.nii.gz
adni_diagnosis	123S0072	sub-123S0072_ses-20171024_T1w.nii.gz
adni_diagnosis	123S0106	sub-123S0106_ses-20170628_T1w.nii.gz
adni_diagnosis	123S0298	sub-123S0298_ses-20171009_T1w.nii.gz
adni_diagnosis	123S10248	sub-123S10248_ses-20240925_run-01_T1w.nii.gz
adni_diagnosis	123S10290	sub-123S10290_ses-20241010_run-01_T1w.nii.gz
adni_diagnosis	123S10350	sub-123S10350_ses-20241112_run-01_T1w.nii.gz
adni_diagnosis	123S10726	sub-123S10726_ses-20250506_run-01_T1w.nii.gz
adni_diagnosis	123S10821	sub-123S10821_ses-20250611_run-01_T1w.nii.gz
adni_diagnosis	123S1300	sub-123S1300_ses-20170626_T1w.nii.gz
adni_diagnosis	123S4780	sub-123S4780_ses-20120621_run-01_T1w.nii.gz
adni_diagnosis	123S6825	sub-123S6825_ses-20190924_T1w.nii.gz
adni_diagnosis	123S6891	sub-123S6891_ses-20201027_T1w.nii.gz
adni_diagnosis	126S0605	sub-126S0605_ses-20180710_T1w.nii.gz
adni_diagnosis	126S0680	sub-126S0680_ses-20180928_T1w.nii.gz
adni_diagnosis	126S2407	sub-126S2407_ses-20111121_run-01_T1w.nii.gz
adni_diagnosis	126S4494	sub-126S4494_ses-20120131_run-01_T1w.nii.gz
adni_diagnosis	126S4514	sub-126S4514_ses-20120210_run-01_T1w.nii.gz
adni_diagnosis	126S4675	sub-126S4675_ses-20120420_run-01_T1w.nii.gz
adni_diagnosis	126S4891	sub-126S4891_ses-20120803_run-01_T1w.nii.gz
adni_diagnosis	126S5214	sub-126S5214_ses-20130611_run-02_T1w.nii.gz
adni_diagnosis	126S6683	sub-126S6683_ses-20190208_T1w.nii.gz
adni_diagnosis	126S6721	sub-126S6721_ses-20190424_T1w.nii.gz
adni_diagnosis	127S0259	sub-127S0259_ses-20170921_T1w.nii.gz
adni_diagnosis	127S4210	sub-127S4210_ses-20110908_run-01_T1w.nii.gz
adni_diagnosis	127S4500	sub-127S4500_ses-20120208_run-01_T1w.nii.gz
adni_diagnosis	127S4749	sub-127S4749_ses-20120531_run-01_T1w.nii.gz
adni_diagnosis	127S4940	sub-127S4940_ses-20120919_run-01_T1w.nii.gz
adni_diagnosis	127S4992	sub-127S4992_ses-20121025_run-01_T1w.nii.gz
adni_diagnosis	127S5067	sub-127S5067_ses-20130204_run-01_T1w.nii.gz
adni_diagnosis	127S5095	sub-127S5095_ses-20130227_run-01_T1w.nii.gz
adni_diagnosis	127S6203	sub-127S6203_ses-20180322_T1w.nii.gz
adni_diagnosis	127S6348	sub-127S6348_ses-20180726_T1w.nii.gz
adni_diagnosis	127S6433	sub-127S6433_ses-20180801_T1w.nii.gz
adni_diagnosis	127S6436	sub-127S6436_ses-20180716_run-01_T1w.nii.gz
adni_diagnosis	127S6549	sub-127S6549_ses-20181003_T1w.nii.gz
adni_diagnosis	128S0205	sub-128S0205_ses-20180717_T1w.nii.gz
adni_diagnosis	128S2036	sub-128S2036_ses-20100817_run-01_T1w.nii.gz
adni_diagnosis	128S4607	sub-128S4607_ses-20120326_run-01_T1w.nii.gz
adni_diagnosis	128S4742	sub-128S4742_ses-20120531_run-01_T1w.nii.gz
adni_diagnosis	128S4772	sub-128S4772_ses-20120613_run-01_T1w.nii.gz
adni_diagnosis	128S5123	sub-128S5123_ses-20121220_run-01_T1w.nii.gz
adni_diagnosis	129S2332	sub-129S2332_ses-20130318_run-01_T1w.nii.gz
adni_diagnosis	129S4073	sub-129S4073_ses-20120723_run-01_T1w.nii.gz
adni_diagnosis	129S4287	sub-129S4287_ses-20121030_run-01_T1w.nii.gz
adni_diagnosis	129S4369	sub-129S4369_ses-20120807_run-01_T1w.nii.gz
adni_diagnosis	129S4422	sub-129S4422_ses-20120720_run-01_T1w.nii.gz
adni_diagnosis	129S6704	sub-129S6704_ses-20190329_T1w.nii.gz
adni_diagnosis	129S6763	sub-129S6763_ses-20190715_T1w.nii.gz
adni_diagnosis	129S6784	sub-129S6784_ses-20190731_T1w.nii.gz
adni_diagnosis	130S10264	sub-130S10264_ses-20241003_run-01_T1w.nii.gz
adni_diagnosis	130S10433	sub-130S10433_ses-20250127_run-01_T1w.nii.gz
adni_diagnosis	130S10696	sub-130S10696_ses-20250529_run-01_T1w.nii.gz
adni_diagnosis	130S2373	sub-130S2373_ses-20110502_run-01_T1w.nii.gz
adni_diagnosis	130S4294	sub-130S4294_ses-20111121_run-01_T1w.nii.gz
adni_diagnosis	130S4343	sub-130S4343_ses-20111109_run-01_T1w.nii.gz
adni_diagnosis	130S4605	sub-130S4605_ses-20120326_run-01_T1w.nii.gz
adni_diagnosis	130S4641	sub-130S4641_ses-20120404_run-01_T1w.nii.gz
adni_diagnosis	130S4660	sub-130S4660_ses-20120418_run-01_T1w.nii.gz
adni_diagnosis	130S4817	sub-130S4817_ses-20120703_run-01_T1w.nii.gz
adni_diagnosis	130S4971	sub-130S4971_ses-20121017_run-01_T1w.nii.gz
adni_diagnosis	130S4982	sub-130S4982_ses-20121023_run-01_T1w.nii.gz
adni_diagnosis	130S4984	sub-130S4984_ses-20121017_run-01_T1w.nii.gz
adni_diagnosis	130S4990	sub-130S4990_ses-20121026_run-01_T1w.nii.gz
adni_diagnosis	130S5258	sub-130S5258_ses-20130718_run-02_T1w.nii.gz
adni_diagnosis	130S6137	sub-130S6137_ses-20171215_T1w.nii.gz
adni_diagnosis	130S6361	sub-130S6361_ses-20180611_T1w.nii.gz
adni_diagnosis	130S6604	sub-130S6604_ses-20181012_T1w.nii.gz
adni_diagnosis	130S6612	sub-130S6612_ses-20181024_T1w.nii.gz
adni_diagnosis	130S6639	sub-130S6639_ses-20181204_T1w.nii.gz
adni_diagnosis	130S6823	sub-130S6823_ses-20191001_T1w.nii.gz
adni_diagnosis	131S0123	sub-131S0123_ses-20120316_run-01_T1w.nii.gz
adni_diagnosis	131S0384	sub-131S0384_ses-20180111_T1w.nii.gz
adni_diagnosis	131S5138	sub-131S5138_ses-20130402_run-01_T1w.nii.gz
adni_diagnosis	131S6692	sub-131S6692_ses-20190228_T1w.nii.gz
adni_diagnosis	131S6805	sub-131S6805_ses-20190912_T1w.nii.gz
adni_diagnosis	135S10667	sub-135S10667_ses-20250409_T1w.nii.gz
adni_diagnosis	135S10832	sub-135S10832_ses-20250625_T1w.nii.gz
adni_diagnosis	135S4657	sub-135S4657_ses-20120412_run-01_T1w.nii.gz
adni_diagnosis	135S4676	sub-135S4676_ses-20120419_run-01_T1w.nii.gz
adni_diagnosis	135S4954	sub-135S4954_ses-20120924_run-01_T1w.nii.gz
adni_diagnosis	135S5015	sub-135S5015_ses-20121113_run-01_T1w.nii.gz
adni_diagnosis	135S5275	sub-135S5275_ses-20130805_run-01_T1w.nii.gz
adni_diagnosis	135S6110	sub-135S6110_ses-20171115_T1w.nii.gz
adni_diagnosis	135S6284	sub-135S6284_ses-20180502_T1w.nii.gz
adni_diagnosis	135S6389	sub-135S6389_ses-20180529_T1w.nii.gz
adni_diagnosis	135S6411	sub-135S6411_ses-20180604_T1w.nii.gz
adni_diagnosis	135S6446	sub-135S6446_ses-20180621_T1w.nii.gz
adni_diagnosis	135S6510	sub-135S6510_ses-20180719_T1w.nii.gz
adni_diagnosis	135S6544	sub-135S6544_ses-20180810_T1w.nii.gz
adni_diagnosis	135S6622	sub-135S6622_ses-20181102_T1w.nii.gz
adni_diagnosis	135S6687	sub-135S6687_ses-20190305_T1w.nii.gz
adni_diagnosis	135S7003	sub-135S7003_ses-20210920_run-01_T1w.nii.gz
adni_diagnosis	136S4726	sub-136S4726_ses-20120605_run-01_T1w.nii.gz
adni_diagnosis	137S0668	sub-137S0668_ses-20120822_run-01_T1w.nii.gz
adni_diagnosis	137S10285	sub-137S10285_ses-20241104_T1w.nii.gz
adni_diagnosis	137S1414	sub-137S1414_ses-20120821_run-01_T1w.nii.gz
adni_diagnosis	137S4258	sub-137S4258_ses-20111011_run-01_T1w.nii.gz
adni_diagnosis	137S4520	sub-137S4520_ses-20120301_run-01_T1w.nii.gz
adni_diagnosis	137S4631	sub-137S4631_ses-20120430_run-01_T1w.nii.gz
adni_diagnosis	137S6812	sub-137S6812_ses-20191108_T1w.nii.gz
adni_diagnosis	137S6903	sub-137S6903_ses-20240423_T1w.nii.gz
adni_diagnosis	137S6919	sub-137S6919_ses-20210505_T1w.nii.gz
adni_diagnosis	141S1004	sub-141S1004_ses-20131120_run-02_T1w.nii.gz
adni_diagnosis	141S1052	sub-141S1052_ses-20131221_run-01_T1w.nii.gz
adni_diagnosis	141S1378	sub-141S1378_ses-20170603_run-02_T1w.nii.gz
adni_diagnosis	141S2210	sub-141S2210_ses-20110104_run-01_T1w.nii.gz
adni_diagnosis	141S2333	sub-141S2333_ses-20110324_run-01_T1w.nii.gz
adni_diagnosis	141S4053	sub-141S4053_ses-20110524_run-01_T1w.nii.gz
adni_diagnosis	141S4160	sub-141S4160_ses-20110904_run-01_T1w.nii.gz
adni_diagnosis	141S4438	sub-141S4438_ses-20120106_run-01_T1w.nii.gz
adni_diagnosis	141S4907	sub-141S4907_ses-20120909_run-01_T1w.nii.gz
adni_diagnosis	141S6589	sub-141S6589_ses-20181107_run-02_T1w.nii.gz
adni_diagnosis	153S4151	sub-153S4151_ses-20110818_run-01_T1w.nii.gz
adni_diagnosis	153S5261	sub-153S5261_ses-20130725_run-02_T1w.nii.gz
adni_diagnosis	153S6665	sub-153S6665_ses-20190108_T1w.nii.gz
adni_diagnosis	153S6679	sub-153S6679_ses-20190128_T1w.nii.gz
adni_diagnosis	158S10850	sub-158S10850_ses-20250718_run-01_T1w.nii.gz
adni_diagnosis	168S6062	sub-168S6062_ses-20170817_T1w.nii.gz
adni_diagnosis	168S6065	sub-168S6065_ses-20170905_T1w.nii.gz
adni_diagnosis	168S6371	sub-168S6371_ses-20180516_run-01_T1w.nii.gz
adni_diagnosis	168S6735	sub-168S6735_ses-20190607_run-01_T1w.nii.gz
adni_diagnosis	168S6754	sub-168S6754_ses-20190627_T1w.nii.gz
adni_diagnosis	168S6815	sub-168S6815_ses-20190924_T1w.nii.gz
adni_diagnosis	168S6827	sub-168S6827_ses-20191010_T1w.nii.gz
adni_diagnosis	168S6873	sub-168S6873_ses-20200617_T1w.nii.gz
adni_diagnosis	168S6921	sub-168S6921_ses-20210406_T1w.nii.gz
adni_diagnosis	301S10139	sub-301S10139_ses-20240612_run-01_T1w.nii.gz
adni_diagnosis	301S10623	sub-301S10623_ses-20250321_run-01_T1w.nii.gz
adni_diagnosis	301S10762	sub-301S10762_ses-20250502_run-01_T1w.nii.gz
adni_diagnosis	301S10770	sub-301S10770_ses-20250515_run-01_T1w.nii.gz
adni_diagnosis	301S6056	sub-301S6056_ses-20170802_T1w.nii.gz
adni_diagnosis	301S6501	sub-301S6501_ses-20180712_T1w.nii.gz
adni_diagnosis	305S10311	sub-305S10311_ses-20241031_run-01_T1w.nii.gz
adni_diagnosis	305S10674	sub-305S10674_ses-20250507_run-01_T1w.nii.gz
adni_diagnosis	305S10806	sub-305S10806_ses-20250611_run-01_T1w.nii.gz
adni_diagnosis	305S6631	sub-305S6631_ses-20181115_T1w.nii.gz
adni_diagnosis	305S6810	sub-305S6810_ses-20191102_T1w.nii.gz
adni_diagnosis	305S6845	sub-305S6845_ses-20200104_T1w.nii.gz
adni_diagnosis	305S6881	sub-305S6881_ses-20200824_T1w.nii.gz
adni_diagnosis	334S10727	sub-334S10727_ses-20250430_T1w.nii.gz
adni_diagnosis	334S10813	sub-334S10813_ses-20250606_T1w.nii.gz
adni_diagnosis	341S6653	sub-341S6653_ses-20181219_T1w.nii.gz
adni_diagnosis	341S6820	sub-341S6820_ses-20190925_T1w.nii.gz
adni_diagnosis	389S10127	sub-389S10127_ses-20240729_T1w.nii.gz
adni_diagnosis	389S10251	sub-389S10251_ses-20241112_T1w.nii.gz
adni_diagnosis	389S10676	sub-389S10676_ses-20250516_T1w.nii.gz
adni_diagnosis	389S10860	sub-389S10860_ses-20250707_T1w.nii.gz
adni_diagnosis	404S10894	sub-404S10894_ses-20250908_T1w.nii.gz
adni_diagnosis	405S10445	sub-405S10445_ses-20250127_run-01_T1w.nii.gz
adni_diagnosis	405S10865	sub-405S10865_ses-20250725_run-01_T1w.nii.gz
adni_diagnosis	405S10873	sub-405S10873_ses-20250721_run-01_T1w.nii.gz
adni_diagnosis	941S10024	sub-941S10024_ses-20231222_T1w.nii.gz
adni_diagnosis	941S10051	sub-941S10051_ses-20231109_T1w.nii.gz
adni_diagnosis	941S10135	sub-941S10135_ses-20240618_T1w.nii.gz
adni_diagnosis	941S10148	sub-941S10148_ses-20240715_T1w.nii.gz
adni_diagnosis	941S4292	sub-941S4292_ses-20111205_run-01_T1w.nii.gz
adni_diagnosis	941S4764	sub-941S4764_ses-20120601_run-01_T1w.nii.gz
adni_diagnosis	941S6052	sub-941S6052_ses-20170720_T1w.nii.gz
adni_diagnosis	941S6068	sub-941S6068_ses-20170821_T1w.nii.gz
adni_diagnosis	941S6094	sub-941S6094_ses-20171023_T1w.nii.gz
adni_diagnosis	941S6607	sub-941S6607_ses-20181022_T1w.nii.gz
adni_diagnosis	941S6803	sub-941S6803_ses-20190916_T1w.nii.gz
adni_diagnosis	941S6962	sub-941S6962_ses-20210713_T1w.nii.gz
adni_diagnosis	941S6998	sub-941S6998_ses-20210830_T1w.nii.gz
adni_diagnosis	941S7074	sub-941S7074_ses-20220503_T1w.nii.gz
adni_diagnosis	941S7085	sub-941S7085_ses-20220701_T1w.nii.gz
adni_mci_conversion	002S1155	sub-002S1155_ses-20111222_run-01_T1w.nii.gz
adni_mci_conversion	002S1268	sub-002S1268_ses-20110413_run-01_T1w.nii.gz
adni_mci_conversion	002S2010	sub-002S2010_ses-20100624_run-02_T1w.nii.gz
adni_mci_conversion	002S2073	sub-002S2073_ses-20100907_run-01_T1w.nii.gz
adni_mci_conversion	002S4171	sub-002S4171_ses-20110808_run-01_T1w.nii.gz
adni_mci_conversion	002S4229	sub-002S4229_ses-20110921_run-01_T1w.nii.gz
adni_mci_conversion	002S4262	sub-002S4262_ses-20131106_run-01_T1w.nii.gz
adni_mci_conversion	002S4447	sub-002S4447_ses-20120117_run-01_T1w.nii.gz
adni_mci_conversion	002S4473	sub-002S4473_ses-20120210_run-01_T1w.nii.gz
adni_mci_conversion	002S4521	sub-002S4521_ses-20120217_run-01_T1w.nii.gz
adni_mci_conversion	002S4654	sub-002S4654_ses-20120405_run-01_T1w.nii.gz
adni_mci_conversion	002S4746	sub-002S4746_ses-20120529_run-01_T1w.nii.gz
adni_mci_conversion	002S4799	sub-002S4799_ses-20120621_run-01_T1w.nii.gz
adni_mci_conversion	003S1074	sub-003S1074_ses-20150422_run-01_T1w.nii.gz
adni_mci_conversion	003S1122	sub-003S1122_ses-20180712_T1w.nii.gz
adni_mci_conversion	003S2374	sub-003S2374_ses-20110506_run-01_T1w.nii.gz
adni_mci_conversion	003S4288	sub-003S4288_ses-20131205_run-01_T1w.nii.gz
adni_mci_conversion	003S4354	sub-003S4354_ses-20111219_run-01_T1w.nii.gz
adni_mci_conversion	003S6258	sub-003S6258_ses-20180313_T1w.nii.gz
adni_mci_conversion	003S6268	sub-003S6268_ses-20180605_T1w.nii.gz
adni_mci_conversion	005S0602	sub-005S0602_ses-20171030_T1w.nii.gz
adni_mci_conversion	005S2390	sub-005S2390_ses-20110627_run-01_T1w.nii.gz
adni_mci_conversion	005S4168	sub-005S4168_ses-20110817_run-01_T1w.nii.gz
adni_mci_conversion	005S4185	sub-005S4185_ses-20110912_run-01_T1w.nii.gz
adni_mci_conversion	005S6427	sub-005S6427_ses-20180625_T1w.nii.gz
adni_mci_conversion	006S4346	sub-006S4346_ses-20111110_run-01_T1w.nii.gz
adni_mci_conversion	006S4363	sub-006S4363_ses-20111116_run-01_T1w.nii.gz
adni_mci_conversion	006S4515	sub-006S4515_ses-20120207_run-01_T1w.nii.gz
adni_mci_conversion	006S4679	sub-006S4679_ses-20120601_run-01_T1w.nii.gz
adni_mci_conversion	006S4713	sub-006S4713_ses-20120514_run-01_T1w.nii.gz
adni_mci_conversion	006S6243	sub-006S6243_ses-20180301_T1w.nii.gz
adni_mci_conversion	006S6252	sub-006S6252_ses-20180305_T1w.nii.gz
adni_mci_conversion	006S6291	sub-006S6291_ses-20180426_T1w.nii.gz
adni_mci_conversion	006S6651	sub-006S6651_ses-20190121_T1w.nii.gz
adni_mci_conversion	006S6657	sub-006S6657_ses-20190212_T1w.nii.gz
adni_mci_conversion	006S6770	sub-006S6770_ses-20190726_T1w.nii.gz
adni_mci_conversion	007S2394	sub-007S2394_ses-20110707_run-01_T1w.nii.gz
adni_mci_conversion	007S4272	sub-007S4272_ses-20111017_run-01_T1w.nii.gz
adni_mci_conversion	007S4467	sub-007S4467_ses-20120123_run-01_T1w.nii.gz
adni_mci_conversion	007S4611	sub-007S4611_ses-20120328_run-01_T1w.nii.gz
adni_mci_conversion	007S5265	sub-007S5265_ses-20210920_T1w.nii.gz
adni_mci_conversion	007S6341	sub-007S6341_ses-20180430_T1w.nii.gz
adni_mci_conversion	009S2208	sub-009S2208_ses-20101201_run-01_T1w.nii.gz
adni_mci_conversion	009S2381	sub-009S2381_ses-20110518_run-01_T1w.nii.gz
adni_mci_conversion	009S4324	sub-009S4324_ses-20111101_run-01_T1w.nii.gz
adni_mci_conversion	009S4359	sub-009S4359_ses-20111205_run-01_T1w.nii.gz
adni_mci_conversion	009S4388	sub-009S4388_ses-20120709_run-01_T1w.nii.gz
adni_mci_conversion	009S4530	sub-009S4530_ses-20120214_run-01_T1w.nii.gz
adni_mci_conversion	009S4543	sub-009S4543_ses-20120301_run-01_T1w.nii.gz
adni_mci_conversion	009S4741	sub-009S4741_ses-20120612_run-01_T1w.nii.gz
adni_mci_conversion	009S4958	sub-009S4958_ses-20121004_run-01_T1w.nii.gz
adni_mci_conversion	009S5000	sub-009S5000_ses-20121026_run-01_T1w.nii.gz
adni_mci_conversion	009S6402	sub-009S6402_ses-20180706_T1w.nii.gz
adni_mci_conversion	011S2274	sub-011S2274_ses-20110131_run-01_T1w.nii.gz
adni_mci_conversion	011S4235	sub-011S4235_ses-20110919_run-01_T1w.nii.gz
adni_mci_conversion	011S4366	sub-011S4366_ses-20111114_run-01_T1w.nii.gz
adni_mci_conversion	011S4547	sub-011S4547_ses-20120229_run-01_T1w.nii.gz
adni_mci_conversion	011S4845	sub-011S4845_ses-20130123_run-01_T1w.nii.gz
adni_mci_conversion	011S4893	sub-011S4893_ses-20120910_run-01_T1w.nii.gz
adni_mci_conversion	011S6618	sub-011S6618_ses-20181101_T1w.nii.gz
adni_mci_conversion	012S4012	sub-012S4012_ses-20110408_T1w.nii.gz
adni_mci_conversion	012S4094	sub-012S4094_ses-20110707_run-01_T1w.nii.gz
adni_mci_conversion	012S4128	sub-012S4128_ses-20110729_run-01_T1w.nii.gz
adni_mci_conversion	012S4849	sub-012S4849_ses-20120724_run-02_T1w.nii.gz
adni_mci_conversion	012S4987	sub-012S4987_ses-20121102_run-02_T1w.nii.gz
adni_mci_conversion	012S6073	sub-012S6073_ses-20170922_T1w.nii.gz
adni_mci_conversion	012S6503	sub-012S6503_ses-20180710_T1w.nii.gz
adni_mci_conversion	012S6760	sub-012S6760_ses-20190626_T1w.nii.gz
adni_mci_conversion	013S1186	sub-013S1186_ses-20110223_run-01_T1w.nii.gz
adni_mci_conversion	013S2389	sub-013S2389_ses-20110622_run-01_T1w.nii.gz
adni_mci_conversion	013S4268	sub-013S4268_ses-20111101_run-01_T1w.nii.gz
adni_mci_conversion	013S4395	sub-013S4395_ses-20120110_run-01_T1w.nii.gz
adni_mci_conversion	013S4595	sub-013S4595_ses-20120420_run-01_T1w.nii.gz
adni_mci_conversion	013S6970	sub-013S6970_ses-20210713_run-01_T1w.nii.gz
adni_mci_conversion	014S2185	sub-014S2185_ses-20101210_run-01_T1w.nii.gz
adni_mci_conversion	014S2308	sub-014S2308_ses-20110217_run-01_T1w.nii.gz
adni_mci_conversion	014S4058	sub-014S4058_ses-20110526_run-01_T1w.nii.gz
adni_mci_conversion	014S4079	sub-014S4079_ses-20110616_run-01_T1w.nii.gz
adni_mci_conversion	014S4263	sub-014S4263_ses-20111006_run-01_T1w.nii.gz
adni_mci_conversion	014S4668	sub-014S4668_ses-20120426_run-02_T1w.nii.gz
adni_mci_conversion	014S6765	sub-014S6765_ses-20190703_run-01_T1w.nii.gz
adni_mci_conversion	016S10138	sub-016S10138_ses-20240618_T1w.nii.gz
adni_mci_conversion	016S2007	sub-016S2007_ses-20100830_run-01_T1w.nii.gz
adni_mci_conversion	016S2031	sub-016S2031_ses-20100811_run-01_T1w.nii.gz
adni_mci_conversion	016S4584	sub-016S4584_ses-20120327_run-01_T1w.nii.gz
adni_mci_conversion	016S4902	sub-016S4902_ses-20120821_run-01_T1w.nii.gz
adni_mci_conversion	016S5031	sub-016S5031_ses-20130213_run-01_T1w.nii.gz
adni_mci_conversion	016S6789	sub-016S6789_ses-20190729_T1w.nii.gz
adni_mci_conversion	016S6790	sub-016S6790_ses-20201021_T1w.nii.gz
adni_mci_conversion	016S6800	sub-016S6800_ses-20190819_T1w.nii.gz
adni_mci_conversion	016S6816	sub-016S6816_ses-20190917_T1w.nii.gz
adni_mci_conversion	016S6939	sub-016S6939_ses-20210506_T1w.nii.gz
adni_mci_conversion	018S2133	sub-018S2133_ses-20110321_run-01_T1w.nii.gz
adni_mci_conversion	018S2155	sub-018S2155_ses-20110302_run-01_T1w.nii.gz
adni_mci_conversion	018S2180	sub-018S2180_ses-20101209_run-01_T1w.nii.gz
adni_mci_conversion	018S4400	sub-018S4400_ses-20180830_T1w.nii.gz
adni_mci_conversion	018S4597	sub-018S4597_ses-20120314_run-01_T1w.nii.gz
adni_mci_conversion	018S4809	sub-018S4809_ses-20120622_run-01_T1w.nii.gz
adni_mci_conversion	018S4868	sub-018S4868_ses-20120727_run-01_T1w.nii.gz
adni_mci_conversion	018S4889	sub-018S4889_ses-20120810_run-01_T1w.nii.gz
adni_mci_conversion	018S6414	sub-018S6414_ses-20180608_T1w.nii.gz
adni_mci_conversion	019S4293	sub-019S4293_ses-20111020_run-01_T1w.nii.gz
adni_mci_conversion	019S4548	sub-019S4548_ses-20120223_run-01_T1w.nii.gz
adni_mci_conversion	019S4680	sub-019S4680_ses-20120424_run-01_T1w.nii.gz
adni_mci_conversion	019S6315	sub-019S6315_ses-20180425_T1w.nii.gz
adni_mci_conversion	019S6483	sub-019S6483_ses-20180711_T1w.nii.gz
adni_mci_conversion	021S2077	sub-021S2077_ses-20100909_run-01_T1w.nii.gz
adni_mci_conversion	021S2100	sub-021S2100_ses-20100928_run-01_T1w.nii.gz
adni_mci_conversion	021S2142	sub-021S2142_ses-20101022_run-01_T1w.nii.gz
adni_mci_conversion	021S2150	sub-021S2150_ses-20101101_run-01_T1w.nii.gz
adni_mci_conversion	021S4245	sub-021S4245_ses-20110922_run-01_T1w.nii.gz
adni_mci_conversion	021S4402	sub-021S4402_ses-20111214_run-01_T1w.nii.gz
adni_mci_conversion	021S4419	sub-021S4419_ses-20111219_run-01_T1w.nii.gz
adni_mci_conversion	021S4659	sub-021S4659_ses-20120416_run-01_T1w.nii.gz
adni_mci_conversion	021S4744	sub-021S4744_ses-20120531_run-01_T1w.nii.gz
adni_mci_conversion	021S4857	sub-021S4857_ses-20120724_run-01_T1w.nii.gz
adni_mci_conversion	021S5237	sub-021S5237_ses-20180815_T1w.nii.gz
adni_mci_conversion	021S6312	sub-021S6312_ses-20190430_T1w.nii.gz
adni_mci_conversion	021S6890	sub-021S6890_ses-20201111_T1w.nii.gz
adni_mci_conversion	022S2087	sub-022S2087_ses-20101005_run-01_T1w.nii.gz
adni_mci_conversion	022S2263	sub-022S2263_ses-20110118_run-01_T1w.nii.gz
adni_mci_conversion	022S2379	sub-022S2379_ses-20110513_run-01_T1w.nii.gz
adni_mci_conversion	022S4444	sub-022S4444_ses-20120214_run-01_T1w.nii.gz
adni_mci_conversion	022S5004	sub-022S5004_ses-20121106_run-01_T1w.nii.gz
adni_mci_conversion	022S6716	sub-022S6716_ses-20190507_run-01_T1w.nii.gz
adni_mci_conversion	023S2068	sub-023S2068_ses-20100917_run-01_T1w.nii.gz
adni_mci_conversion	023S4035	sub-023S4035_ses-20110728_run-01_T1w.nii.gz
adni_mci_conversion	023S4115	sub-023S4115_ses-20110830_run-01_T1w.nii.gz
adni_mci_conversion	023S4122	sub-023S4122_ses-20110826_run-01_T1w.nii.gz
adni_mci_conversion	023S4243	sub-023S4243_ses-20111109_run-01_T1w.nii.gz
adni_mci_conversion	023S4502	sub-023S4502_ses-20120306_run-01_T1w.nii.gz
adni_mci_conversion	023S4796	sub-023S4796_ses-20120822_run-01_T1w.nii.gz
adni_mci_conversion	023S6334	sub-023S6334_ses-20180504_T1w.nii.gz
adni_mci_conversion	023S6369	sub-023S6369_ses-20180518_T1w.nii.gz
adni_mci_conversion	023S6535	sub-023S6535_ses-20180802_run-01_T1w.nii.gz
adni_mci_conversion	023S6702	sub-023S6702_ses-20190312_T1w.nii.gz
adni_mci_conversion	024S2239	sub-024S2239_ses-20101203_run-01_T1w.nii.gz
adni_mci_conversion	024S4169	sub-024S4169_ses-20110812_run-01_T1w.nii.gz
adni_mci_conversion	024S4674	sub-024S4674_ses-20120420_run-01_T1w.nii.gz
adni_mci_conversion	027S2183	sub-027S2183_ses-20101112_run-01_T1w.nii.gz
adni_mci_conversion	027S2245	sub-027S2245_ses-20101214_run-01_T1w.nii.gz
adni_mci_conversion	027S2336	sub-027S2336_ses-20110320_run-01_T1w.nii.gz
adni_mci_conversion	027S4729	sub-027S4729_ses-20120522_run-01_T1w.nii.gz
adni_mci_conversion	027S4757	sub-027S4757_ses-20120607_run-01_T1w.nii.gz
adni_mci_conversion	027S4804	sub-027S4804_ses-20120716_run-01_T1w.nii.gz
adni_mci_conversion	027S4869	sub-027S4869_ses-20120819_run-01_T1w.nii.gz
adni_mci_conversion	027S4873	sub-027S4873_ses-20120808_run-01_T1w.nii.gz
adni_mci_conversion	027S4919	sub-027S4919_ses-20120831_run-01_T1w.nii.gz
adni_mci_conversion	027S4926	sub-027S4926_ses-20120920_run-01_T1w.nii.gz
adni_mci_conversion	027S4936	sub-027S4936_ses-20120921_run-01_T1w.nii.gz
adni_mci_conversion	027S4943	sub-027S4943_ses-20120918_run-01_T1w.nii.gz
adni_mci_conversion	027S4966	sub-027S4966_ses-20121013_run-01_T1w.nii.gz
adni_mci_conversion	027S6034	sub-027S6034_ses-20170706_T1w.nii.gz
adni_mci_conversion	027S6327	sub-027S6327_ses-20220602_T1w.nii.gz
adni_mci_conversion	027S6640	sub-027S6640_ses-20181226_T1w.nii.gz
adni_mci_conversion	027S6788	sub-027S6788_ses-20190805_T1w.nii.gz
adni_mci_conversion	027S6842	sub-027S6842_ses-20200131_T1w.nii.gz
adni_mci_conversion	027S6961	sub-027S6961_ses-20210615_T1w.nii.gz
adni_mci_conversion	029S2395	sub-029S2395_ses-20130813_run-02_T1w.nii.gz
adni_mci_conversion	029S4385	sub-029S4385_ses-20140422_run-02_T1w.nii.gz
adni_mci_conversion	029S5135	sub-029S5135_ses-20130424_run-01_T1w.nii.gz
adni_mci_conversion	029S5219	sub-029S5219_ses-20190314_T1w.nii.gz
adni_mci_conversion	031S2018	sub-031S2018_ses-20100702_run-01_T1w.nii.gz
adni_mci_conversion	031S2022	sub-031S2022_ses-20100714_run-01_T1w.nii.gz
adni_mci_conversion	031S2233	sub-031S2233_ses-20101215_run-01_T1w.nii.gz
adni_mci_conversion	031S4005	sub-031S4005_ses-20110404_run-01_T1w.nii.gz
adni_mci_conversion	031S4029	sub-031S4029_ses-20110426_run-01_T1w.nii.gz
adni_mci_conversion	031S4042	sub-031S4042_ses-20110512_run-01_T1w.nii.gz
adni_mci_conversion	031S4149	sub-031S4149_ses-20110805_run-01_T1w.nii.gz
adni_mci_conversion	031S4203	sub-031S4203_ses-20110831_run-01_T1w.nii.gz
adni_mci_conversion	031S4476	sub-031S4476_ses-20120127_run-01_T1w.nii.gz
adni_mci_conversion	031S4590	sub-031S4590_ses-20120315_run-01_T1w.nii.gz
adni_mci_conversion	031S4721	sub-031S4721_ses-20120514_run-01_T1w.nii.gz
adni_mci_conversion	031S4947	sub-031S4947_ses-20120928_run-01_T1w.nii.gz
adni_mci_conversion	032S2119	sub-032S2119_ses-20101005_run-01_T1w.nii.gz
adni_mci_conversion	032S2247	sub-032S2247_ses-20101222_run-01_T1w.nii.gz
adni_mci_conversion	032S4277	sub-032S4277_ses-20131031_run-01_T1w.nii.gz
adni_mci_conversion	032S4823	sub-032S4823_ses-20120705_run-01_T1w.nii.gz
adni_mci_conversion	032S6804	sub-032S6804_ses-20190924_T1w.nii.gz
adni_mci_conversion	033S6497	sub-033S6497_ses-20180716_T1w.nii.gz
adni_mci_conversion	033S6889	sub-033S6889_ses-20200929_T1w.nii.gz
adni_mci_conversion	033S7088	sub-033S7088_ses-20220627_T1w.nii.gz
adni_mci_conversion	035S0156	sub-035S0156_ses-20160613_run-01_T1w.nii.gz
adni_mci_conversion	035S2061	sub-035S2061_ses-20100913_run-01_T1w.nii.gz
adni_mci_conversion	035S2074	sub-035S2074_ses-20101119_run-01_T1w.nii.gz
adni_mci_conversion	035S4114	sub-035S4114_ses-20110715_run-01_T1w.nii.gz
adni_mci_conversion	035S4414	sub-035S4414_ses-20120319_run-01_T1w.nii.gz
adni_mci_conversion	035S4784	sub-035S4784_ses-20120625_run-01_T1w.nii.gz
adni_mci_conversion	035S6480	sub-035S6480_ses-20180705_T1w.nii.gz
adni_mci_conversion	036S2378	sub-036S2378_ses-20110526_run-01_T1w.nii.gz
adni_mci_conversion	036S2380	sub-036S2380_ses-20110601_run-01_T1w.nii.gz
adni_mci_conversion	036S4430	sub-036S4430_ses-20111223_run-01_T1w.nii.gz
adni_mci_conversion	036S4538	sub-036S4538_ses-20120305_run-01_T1w.nii.gz
adni_mci_conversion	036S4714	sub-036S4714_ses-20120511_run-01_T1w.nii.gz
adni_mci_conversion	036S4715	sub-036S4715_ses-20120319_run-01_T1w.nii.gz
adni_mci_conversion	036S4736	sub-036S4736_ses-20120530_run-01_T1w.nii.gz
adni_mci_conversion	036S4899	sub-036S4899_ses-20121015_run-01_T1w.nii.gz
adni_mci_conversion	036S6189	sub-036S6189_ses-20201014_T1w.nii.gz
adni_mci_conversion	036S6878	sub-036S6878_ses-20200723_T1w.nii.gz
adni_mci_conversion	036S6885	sub-036S6885_ses-20200911_T1w.nii.gz
adni_mci_conversion	036S6887	sub-036S6887_ses-20200925_T1w.nii.gz
adni_mci_conversion	036S6916	sub-036S6916_ses-20210318_T1w.nii.gz
adni_mci_conversion	036S7070	sub-036S7070_ses-20220420_T1w.nii.gz
adni_mci_conversion	037S0377	sub-037S0377_ses-20140214_run-02_T1w.nii.gz
adni_mci_conversion	037S0501	sub-037S0501_ses-20130422_run-01_T1w.nii.gz
adni_mci_conversion	037S4015	sub-037S4015_ses-20110405_run-01_T1w.nii.gz
adni_mci_conversion	037S4030	sub-037S4030_ses-20110505_run-01_T1w.nii.gz
adni_mci_conversion	037S4071	sub-037S4071_ses-20130802_run-02_T1w.nii.gz
adni_mci_conversion	037S4146	sub-037S4146_ses-20110907_run-01_T1w.nii.gz
adni_mci_conversion	037S4214	sub-037S4214_ses-20110912_run-01_T1w.nii.gz
adni_mci_conversion	037S4302	sub-037S4302_ses-20111026_run-01_T1w.nii.gz
adni_mci_conversion	037S4381	sub-037S4381_ses-20120118_run-01_T1w.nii.gz
adni_mci_conversion	037S4432	sub-037S4432_ses-20120201_run-01_T1w.nii.gz
adni_mci_conversion	037S4706	sub-037S4706_ses-20120510_run-01_T1w.nii.gz
adni_mci_conversion	037S6083	sub-037S6083_ses-20171010_T1w.nii.gz
adni_mci_conversion	037S6144	sub-037S6144_ses-20200318_T1w.nii.gz
adni_mci_conversion	037S6222	sub-037S6222_ses-20180530_T1w.nii.gz
adni_mci_conversion	041S4004	sub-041S4004_ses-20110418_run-01_T1w.nii.gz
adni_mci_conversion	041S4041	sub-041S4041_ses-20111213_run-01_T1w.nii.gz
adni_mci_conversion	041S4138	sub-041S4138_ses-20110722_run-01_T1w.nii.gz
adni_mci_conversion	041S4143	sub-041S4143_ses-20110728_run-01_T1w.nii.gz
adni_mci_conversion	041S4271	sub-041S4271_ses-20111007_run-01_T1w.nii.gz
adni_mci_conversion	041S4510	sub-041S4510_ses-20120210_run-01_T1w.nii.gz
adni_mci_conversion	041S4513	sub-041S4513_ses-20120229_run-01_T1w.nii.gz
adni_mci_conversion	041S4874	sub-041S4874_ses-20120802_run-01_T1w.nii.gz
adni_mci_conversion	041S4974	sub-041S4974_ses-20121015_run-01_T1w.nii.gz
adni_mci_conversion	041S4989	sub-041S4989_ses-20121019_run-01_T1w.nii.gz
adni_mci_conversion	041S5026	sub-041S5026_ses-20121120_run-01_T1w.nii.gz
adni_mci_conversion	041S5097	sub-041S5097_ses-20150401_run-01_T1w.nii.gz
adni_mci_conversion	041S6731	sub-041S6731_ses-20190528_T1w.nii.gz
adni_mci_conversion	051S4929	sub-051S4929_ses-20120918_run-01_T1w.nii.gz
adni_mci_conversion	051S5285	sub-051S5285_ses-20160503_run-02_T1w.nii.gz
adni_mci_conversion	051S6719	sub-051S6719_ses-20190501_T1w.nii.gz
adni_mci_conversion	052S4626	sub-052S4626_ses-20120403_run-01_T1w.nii.gz
adni_mci_conversion	052S4885	sub-052S4885_ses-20120810_run-01_T1w.nii.gz
adni_mci_conversion	052S4945	sub-052S4945_ses-20121024_run-01_T1w.nii.gz
adni_mci_conversion	052S6844	sub-052S6844_ses-20200103_T1w.nii.gz
adni_mci_conversion	052S7037	sub-052S7037_ses-20220121_T1w.nii.gz
adni_mci_conversion	053S0919	sub-053S0919_ses-20130104_run-01_T1w.nii.gz
adni_mci_conversion	053S2357	sub-053S2357_ses-20110420_run-01_T1w.nii.gz
adni_mci_conversion	053S4557	sub-053S4557_ses-20120308_run-01_T1w.nii.gz
adni_mci_conversion	053S4661	sub-053S4661_ses-20120528_run-01_T1w.nii.gz
adni_mci_conversion	053S4813	sub-053S4813_ses-20120716_run-01_T1w.nii.gz
adni_mci_conversion	053S6598	sub-053S6598_ses-20181011_T1w.nii.gz
adni_mci_conversion	053S6861	sub-053S6861_ses-20200310_T1w.nii.gz
adni_mci_conversion	053S7086	sub-053S7086_ses-20220613_T1w.nii.gz
adni_mci_conversion	057S2398	sub-057S2398_ses-20110705_run-02_T1w.nii.gz
adni_mci_conversion	057S4888	sub-057S4888_ses-20120803_run-01_T1w.nii.gz
adni_mci_conversion	067S2195	sub-067S2195_ses-20101119_run-01_T1w.nii.gz
adni_mci_conversion	067S2196	sub-067S2196_ses-20101122_run-01_T1w.nii.gz
adni_mci_conversion	067S2301	sub-067S2301_ses-20110216_run-01_T1w.nii.gz
adni_mci_conversion	067S4054	sub-067S4054_ses-20110525_run-01_T1w.nii.gz
adni_mci_conversion	067S4072	sub-067S4072_ses-20110706_run-01_T1w.nii.gz
adni_mci_conversion	067S4184	sub-067S4184_ses-20110908_run-01_T1w.nii.gz
adni_mci_conversion	067S4212	sub-067S4212_ses-20110906_run-01_T1w.nii.gz
adni_mci_conversion	067S4310	sub-067S4310_ses-20111027_run-01_T1w.nii.gz
adni_mci_conversion	067S4767	sub-067S4767_ses-20120611_run-01_T1w.nii.gz
adni_mci_conversion	067S4782	sub-067S4782_ses-20120726_run-01_T1w.nii.gz
adni_mci_conversion	067S4918	sub-067S4918_ses-20120921_run-01_T1w.nii.gz
adni_mci_conversion	067S6474	sub-067S6474_ses-20180627_T1w.nii.gz
adni_mci_conversion	067S6525	sub-067S6525_ses-20190605_T1w.nii.gz
adni_mci_conversion	067S6529	sub-067S6529_ses-20180814_T1w.nii.gz
adni_mci_conversion	067S6989	sub-067S6989_ses-20210921_T1w.nii.gz
adni_mci_conversion	067S7008	sub-067S7008_ses-20211006_T1w.nii.gz
adni_mci_conversion	067S7020	sub-067S7020_ses-20211022_T1w.nii.gz
adni_mci_conversion	067S7029	sub-067S7029_ses-20220110_T1w.nii.gz
adni_mci_conversion	068S0127	sub-068S0127_ses-20170920_T1w.nii.gz
adni_mci_conversion	068S0802	sub-068S0802_ses-20150824_run-02_T1w.nii.gz
adni_mci_conversion	068S2168	sub-068S2168_ses-20110216_run-01_T1w.nii.gz
adni_mci_conversion	068S2184	sub-068S2184_ses-20110222_run-01_T1w.nii.gz
adni_mci_conversion	068S2187	sub-068S2187_ses-20110215_run-01_T1w.nii.gz
adni_mci_conversion	068S2248	sub-068S2248_ses-20110504_run-01_T1w.nii.gz
adni_mci_conversion	068S2315	sub-068S2315_ses-20110711_run-01_T1w.nii.gz
adni_mci_conversion	068S2316	sub-068S2316_ses-20110711_run-01_T1w.nii.gz
adni_mci_conversion	068S4061	sub-068S4061_ses-20110603_run-01_T1w.nii.gz
adni_mci_conversion	068S4067	sub-068S4067_ses-20110606_run-01_T1w.nii.gz
adni_mci_conversion	068S4217	sub-068S4217_ses-20110906_run-01_T1w.nii.gz
adni_mci_conversion	068S4332	sub-068S4332_ses-20111114_run-01_T1w.nii.gz
adni_mci_conversion	068S4431	sub-068S4431_ses-20120206_run-01_T1w.nii.gz
adni_mci_conversion	070S6229	sub-070S6229_ses-20180301_run-01_T1w.nii.gz
adni_mci_conversion	070S6236	sub-070S6236_ses-20180226_run-01_T1w.nii.gz
adni_mci_conversion	070S6911	sub-070S6911_ses-20210303_run-02_T1w.nii.gz
adni_mci_conversion	072S2037	sub-072S2037_ses-20100809_run-01_T1w.nii.gz
adni_mci_conversion	072S2072	sub-072S2072_ses-20100909_run-01_T1w.nii.gz
adni_mci_conversion	072S2083	sub-072S2083_ses-20100914_run-01_T1w.nii.gz
adni_mci_conversion	072S4057	sub-072S4057_ses-20110607_run-01_T1w.nii.gz
adni_mci_conversion	072S4063	sub-072S4063_ses-20110617_run-01_T1w.nii.gz
adni_mci_conversion	072S4102	sub-072S4102_ses-20110720_run-01_T1w.nii.gz
adni_mci_conversion	072S4131	sub-072S4131_ses-20110725_run-01_T1w.nii.gz
adni_mci_conversion	072S4206	sub-072S4206_ses-20110902_run-01_T1w.nii.gz
adni_mci_conversion	072S4226	sub-072S4226_ses-20110926_run-01_T1w.nii.gz
adni_mci_conversion	072S4383	sub-072S4383_ses-20111209_run-01_T1w.nii.gz
adni_mci_conversion	072S4390	sub-072S4390_ses-20111208_run-01_T1w.nii.gz
adni_mci_conversion	072S4394	sub-072S4394_ses-20111228_run-01_T1w.nii.gz
adni_mci_conversion	072S4462	sub-072S4462_ses-20120202_run-01_T1w.nii.gz
adni_mci_conversion	072S4522	sub-072S4522_ses-20120217_run-01_T1w.nii.gz
adni_mci_conversion	072S4539	sub-072S4539_ses-20120305_run-01_T1w.nii.gz
adni_mci_conversion	072S4613	sub-072S4613_ses-20120402_run-01_T1w.nii.gz
adni_mci_conversion	072S4871	sub-072S4871_ses-20120809_run-01_T1w.nii.gz
adni_mci_conversion	072S4941	sub-072S4941_ses-20121010_run-01_T1w.nii.gz
adni_mci_conversion	073S0746	sub-073S0746_ses-20120213_run-01_T1w.nii.gz
adni_mci_conversion	073S2153	sub-073S2153_ses-20110316_run-01_T1w.nii.gz
adni_mci_conversion	073S2182	sub-073S2182_ses-20120207_run-01_T1w.nii.gz
adni_mci_conversion	073S2191	sub-073S2191_ses-20110107_run-01_T1w.nii.gz
adni_mci_conversion	073S2225	sub-073S2225_ses-20110127_run-01_T1w.nii.gz
adni_mci_conversion	073S2264	sub-073S2264_ses-20110203_run-01_T1w.nii.gz
adni_mci_conversion	073S4216	sub-073S4216_ses-20110831_run-01_T1w.nii.gz
adni_mci_conversion	073S4300	sub-073S4300_ses-20111012_run-01_T1w.nii.gz
adni_mci_conversion	073S4312	sub-073S4312_ses-20111017_T1w.nii.gz
adni_mci_conversion	073S4360	sub-073S4360_ses-20111104_run-01_T1w.nii.gz
adni_mci_conversion	073S4443	sub-073S4443_ses-20111222_run-01_T1w.nii.gz
adni_mci_conversion	073S4614	sub-073S4614_ses-20120316_run-01_T1w.nii.gz
adni_mci_conversion	073S4777	sub-073S4777_ses-20120601_run-01_T1w.nii.gz
adni_mci_conversion	073S4986	sub-073S4986_ses-20121004_T1w.nii.gz
adni_mci_conversion	073S6929	sub-073S6929_ses-20210517_T1w.nii.gz
adni_mci_conversion	082S2307	sub-082S2307_ses-20110215_run-01_T1w.nii.gz
adni_mci_conversion	094S2216	sub-094S2216_ses-20110201_run-01_T1w.nii.gz
adni_mci_conversion	094S2238	sub-094S2238_ses-20101210_run-01_T1w.nii.gz
adni_mci_conversion	094S2367	sub-094S2367_ses-20110427_run-01_T1w.nii.gz
adni_mci_conversion	094S4162	sub-094S4162_ses-20110816_run-01_T1w.nii.gz
adni_mci_conversion	094S4630	sub-094S4630_ses-20120403_run-01_T1w.nii.gz
adni_mci_conversion	094S4858	sub-094S4858_ses-20120911_run-01_T1w.nii.gz
adni_mci_conversion	098S0896	sub-098S0896_ses-20160107_run-02_T1w.nii.gz
adni_mci_conversion	098S2047	sub-098S2047_ses-20100818_run-01_T1w.nii.gz
adni_mci_conversion	098S2052	sub-098S2052_ses-20100908_run-01_T1w.nii.gz
adni_mci_conversion	098S2079	sub-098S2079_ses-20100922_run-01_T1w.nii.gz
adni_mci_conversion	098S4275	sub-098S4275_ses-20160111_run-01_T1w.nii.gz
adni_mci_conversion	098S4506	sub-098S4506_ses-20130802_run-02_T1w.nii.gz
adni_mci_conversion	099S2063	sub-099S2063_ses-20101015_run-01_T1w.nii.gz
adni_mci_conversion	099S4157	sub-099S4157_ses-20110823_run-01_T1w.nii.gz
adni_mci_conversion	099S4202	sub-099S4202_ses-20110927_run-01_T1w.nii.gz
adni_mci_conversion	099S4463	sub-099S4463_ses-20120202_run-01_T1w.nii.gz
adni_mci_conversion	099S6632	sub-099S6632_ses-20181219_T1w.nii.gz
adni_mci_conversion	100S0069	sub-100S0069_ses-20180123_T1w.nii.gz
adni_mci_conversion	100S4512	sub-100S4512_ses-20120418_run-01_T1w.nii.gz
adni_mci_conversion	100S4556	sub-100S4556_ses-20120426_run-01_T1w.nii.gz
adni_mci_conversion	109S2200	sub-109S2200_ses-20101122_run-01_T1w.nii.gz
adni_mci_conversion	109S4380	sub-109S4380_ses-20111222_run-01_T1w.nii.gz
adni_mci_conversion	109S4455	sub-109S4455_ses-20120202_run-01_T1w.nii.gz
adni_mci_conversion	109S4499	sub-109S4499_ses-20121002_run-01_T1w.nii.gz
adni_mci_conversion	109S4531	sub-109S4531_ses-20120313_run-01_T1w.nii.gz
adni_mci_conversion	109S4594	sub-109S4594_ses-20120330_run-01_T1w.nii.gz
adni_mci_conversion	109S6221	sub-109S6221_ses-20180717_run-02_T1w.nii.gz
adni_mci_conversion	109S6300	sub-109S6300_ses-20180725_run-01_T1w.nii.gz
adni_mci_conversion	114S2392	sub-114S2392_ses-20110621_run-01_T1w.nii.gz
adni_mci_conversion	114S4404	sub-114S4404_ses-20120120_run-01_T1w.nii.gz
adni_mci_conversion	114S5047	sub-114S5047_ses-20121207_run-01_T1w.nii.gz
adni_mci_conversion	114S5234	sub-114S5234_ses-20150721_run-02_T1w.nii.gz
adni_mci_conversion	114S6597	sub-114S6597_ses-20181121_T1w.nii.gz
adni_mci_conversion	116S4092	sub-116S4092_ses-20120724_run-01_T1w.nii.gz
adni_mci_conversion	116S4167	sub-116S4167_ses-20110810_run-01_T1w.nii.gz
adni_mci_conversion	116S4175	sub-116S4175_ses-20110815_run-01_T1w.nii.gz
adni_mci_conversion	116S4199	sub-116S4199_ses-20110824_run-01_T1w.nii.gz
adni_mci_conversion	116S4635	sub-116S4635_ses-20120329_run-01_T1w.nii.gz
adni_mci_conversion	116S4855	sub-116S4855_ses-20140826_run-02_T1w.nii.gz
adni_mci_conversion	116S4898	sub-116S4898_ses-20120808_run-01_T1w.nii.gz
adni_mci_conversion	116S6550	sub-116S6550_ses-20180808_run-02_T1w.nii.gz
adni_mci_conversion	123S2055	sub-123S2055_ses-20100819_run-01_T1w.nii.gz
adni_mci_conversion	123S2363	sub-123S2363_ses-20110422_run-01_T1w.nii.gz
adni_mci_conversion	123S4096	sub-123S4096_ses-20110728_run-01_T1w.nii.gz
adni_mci_conversion	123S4127	sub-123S4127_ses-20110803_run-01_T1w.nii.gz
adni_mci_conversion	123S4170	sub-123S4170_ses-20110827_run-01_T1w.nii.gz
adni_mci_conversion	123S4780	sub-123S4780_ses-20120621_run-01_T1w.nii.gz
adni_mci_conversion	123S4806	sub-123S4806_ses-20120621_run-01_T1w.nii.gz
adni_mci_conversion	123S6888	sub-123S6888_ses-20200929_T1w.nii.gz
adni_mci_conversion	126S0605	sub-126S0605_ses-20180710_T1w.nii.gz
adni_mci_conversion	126S2360	sub-126S2360_ses-20110804_run-01_T1w.nii.gz
adni_mci_conversion	126S2405	sub-126S2405_ses-20110929_run-01_T1w.nii.gz
adni_mci_conversion	126S2407	sub-126S2407_ses-20111121_run-01_T1w.nii.gz
adni_mci_conversion	126S4458	sub-126S4458_ses-20120120_run-01_T1w.nii.gz
adni_mci_conversion	126S4507	sub-126S4507_ses-20120203_run-01_T1w.nii.gz
adni_mci_conversion	126S4514	sub-126S4514_ses-20120210_run-01_T1w.nii.gz
adni_mci_conversion	126S4675	sub-126S4675_ses-20120420_run-01_T1w.nii.gz
adni_mci_conversion	126S4712	sub-126S4712_ses-20120508_run-01_T1w.nii.gz
adni_mci_conversion	126S4891	sub-126S4891_ses-20120803_run-01_T1w.nii.gz
adni_mci_conversion	126S4896	sub-126S4896_ses-20120808_run-01_T1w.nii.gz
adni_mci_conversion	126S5214	sub-126S5214_ses-20150707_run-02_T1w.nii.gz
adni_mci_conversion	126S6559	sub-126S6559_ses-20201028_T1w.nii.gz
adni_mci_conversion	126S6724	sub-126S6724_ses-20190502_T1w.nii.gz
adni_mci_conversion	126S7015	sub-126S7015_ses-20211026_T1w.nii.gz
adni_mci_conversion	126S7060	sub-126S7060_ses-20220425_T1w.nii.gz
adni_mci_conversion	127S2213	sub-127S2213_ses-20101202_run-01_T1w.nii.gz
adni_mci_conversion	127S4197	sub-127S4197_ses-20110822_run-01_T1w.nii.gz
adni_mci_conversion	127S4240	sub-127S4240_ses-20110923_run-01_T1w.nii.gz
adni_mci_conversion	127S4624	sub-127S4624_ses-20120531_run-01_T1w.nii.gz
adni_mci_conversion	127S4765	sub-127S4765_ses-20120608_run-01_T1w.nii.gz
adni_mci_conversion	127S4844	sub-127S4844_ses-20120718_run-01_T1w.nii.gz
adni_mci_conversion	127S4928	sub-127S4928_ses-20120905_run-01_T1w.nii.gz
adni_mci_conversion	127S5132	sub-127S5132_ses-20200928_T1w.nii.gz
adni_mci_conversion	127S6241	sub-127S6241_ses-20180529_T1w.nii.gz
adni_mci_conversion	127S6512	sub-127S6512_ses-20180824_T1w.nii.gz
adni_mci_conversion	128S0200	sub-128S0200_ses-20181109_T1w.nii.gz
adni_mci_conversion	128S2002	sub-128S2002_ses-20100617_run-01_T1w.nii.gz
adni_mci_conversion	128S2036	sub-128S2036_ses-20100817_run-01_T1w.nii.gz
adni_mci_conversion	128S2045	sub-128S2045_ses-20100826_run-01_T1w.nii.gz
adni_mci_conversion	128S2123	sub-128S2123_ses-20101021_run-01_T1w.nii.gz
adni_mci_conversion	128S2130	sub-128S2130_ses-20101102_run-01_T1w.nii.gz
adni_mci_conversion	128S2220	sub-128S2220_ses-20101214_run-01_T1w.nii.gz
adni_mci_conversion	128S4553	sub-128S4553_ses-20120220_run-01_T1w.nii.gz
adni_mci_conversion	128S4571	sub-128S4571_ses-20120310_run-01_T1w.nii.gz
adni_mci_conversion	128S4607	sub-128S4607_ses-20121109_run-01_T1w.nii.gz
adni_mci_conversion	128S4636	sub-128S4636_ses-20120327_run-01_T1w.nii.gz
adni_mci_conversion	128S4653	sub-128S4653_ses-20120418_run-01_T1w.nii.gz
adni_mci_conversion	128S4742	sub-128S4742_ses-20120531_run-01_T1w.nii.gz
adni_mci_conversion	128S4842	sub-128S4842_ses-20120713_run-01_T1w.nii.gz
adni_mci_conversion	128S5066	sub-128S5066_ses-20121221_run-01_T1w.nii.gz
adni_mci_conversion	129S4220	sub-129S4220_ses-20120921_run-01_T1w.nii.gz
adni_mci_conversion	129S4287	sub-129S4287_ses-20121030_run-01_T1w.nii.gz
adni_mci_conversion	129S4422	sub-129S4422_ses-20170321_T1w.nii.gz
adni_mci_conversion	129S6830	sub-129S6830_ses-20191028_T1w.nii.gz
adni_mci_conversion	129S6852	sub-129S6852_ses-20200205_T1w.nii.gz
adni_mci_conversion	129S6857	sub-129S6857_ses-20200221_run-01_T1w.nii.gz
adni_mci_conversion	130S2373	sub-130S2373_ses-20110502_run-01_T1w.nii.gz
adni_mci_conversion	130S2391	sub-130S2391_ses-20110617_run-02_T1w.nii.gz
adni_mci_conversion	130S2403	sub-130S2403_ses-20121018_run-01_T1w.nii.gz
adni_mci_conversion	130S4250	sub-130S4250_ses-20111005_run-02_T1w.nii.gz
adni_mci_conversion	130S4294	sub-130S4294_ses-20111121_run-01_T1w.nii.gz
adni_mci_conversion	130S4405	sub-130S4405_ses-20120113_run-01_T1w.nii.gz
adni_mci_conversion	130S4415	sub-130S4415_ses-20120113_run-01_T1w.nii.gz
adni_mci_conversion	130S4417	sub-130S4417_ses-20120118_run-01_T1w.nii.gz
adni_mci_conversion	130S4542	sub-130S4542_ses-20120302_run-01_T1w.nii.gz
adni_mci_conversion	130S4817	sub-130S4817_ses-20120703_run-01_T1w.nii.gz
adni_mci_conversion	130S6047	sub-130S6047_ses-20170727_T1w.nii.gz
adni_mci_conversion	130S6329	sub-130S6329_ses-20180517_T1w.nii.gz
adni_mci_conversion	130S6604	sub-130S6604_ses-20181012_T1w.nii.gz
adni_mci_conversion	130S6611	sub-130S6611_ses-20181022_T1w.nii.gz
adni_mci_conversion	130S6688	sub-130S6688_ses-20190212_T1w.nii.gz
adni_mci_conversion	131S0123	sub-131S0123_ses-20120316_run-01_T1w.nii.gz
adni_mci_conversion	131S6805	sub-131S6805_ses-20190912_T1w.nii.gz
adni_mci_conversion	131S7032	sub-131S7032_ses-20220202_T1w.nii.gz
adni_mci_conversion	135S4281	sub-135S4281_ses-20111014_run-01_T1w.nii.gz
adni_mci_conversion	135S4309	sub-135S4309_ses-20111026_run-01_T1w.nii.gz
adni_mci_conversion	135S4356	sub-135S4356_ses-20111110_run-01_T1w.nii.gz
adni_mci_conversion	135S4406	sub-135S4406_ses-20111207_run-01_T1w.nii.gz
adni_mci_conversion	135S4446	sub-135S4446_ses-20160218_run-02_T1w.nii.gz
adni_mci_conversion	135S4489	sub-135S4489_ses-20120202_run-01_T1w.nii.gz
adni_mci_conversion	135S4689	sub-135S4689_ses-20120427_run-01_T1w.nii.gz
adni_mci_conversion	135S4722	sub-135S4722_ses-20120516_run-01_T1w.nii.gz
adni_mci_conversion	135S4723	sub-135S4723_ses-20120516_run-01_T1w.nii.gz
adni_mci_conversion	135S6110	sub-135S6110_ses-20171115_T1w.nii.gz
adni_mci_conversion	135S6411	sub-135S6411_ses-20200826_T1w.nii.gz
adni_mci_conversion	135S6446	sub-135S6446_ses-20180621_T1w.nii.gz
adni_mci_conversion	135S6544	sub-135S6544_ses-20180810_T1w.nii.gz
adni_mci_conversion	135S6622	sub-135S6622_ses-20181102_T1w.nii.gz
adni_mci_conversion	135S6703	sub-135S6703_ses-20190326_run-01_T1w.nii.gz
adni_mci_conversion	136S4189	sub-136S4189_ses-20110916_run-01_T1w.nii.gz
adni_mci_conversion	137S0800	sub-137S0800_ses-20120824_run-01_T1w.nii.gz
adni_mci_conversion	137S0972	sub-137S0972_ses-20121130_run-01_T1w.nii.gz
adni_mci_conversion	137S1414	sub-137S1414_ses-20120821_run-01_T1w.nii.gz
adni_mci_conversion	137S4299	sub-137S4299_ses-20111102_run-01_T1w.nii.gz
adni_mci_conversion	137S4303	sub-137S4303_ses-20111102_run-01_T1w.nii.gz
adni_mci_conversion	137S4331	sub-137S4331_ses-20111116_run-01_T1w.nii.gz
adni_mci_conversion	137S4536	sub-137S4536_ses-20120222_run-01_T1w.nii.gz
adni_mci_conversion	137S4596	sub-137S4596_ses-20120319_run-01_T1w.nii.gz
adni_mci_conversion	137S4631	sub-137S4631_ses-20120430_run-01_T1w.nii.gz
adni_mci_conversion	137S4815	sub-137S4815_ses-20120802_run-01_T1w.nii.gz
adni_mci_conversion	137S4816	sub-137S4816_ses-20120814_run-01_T1w.nii.gz
adni_mci_conversion	137S4862	sub-137S4862_ses-20150828_run-02_T1w.nii.gz
adni_mci_conversion	137S6654	sub-137S6654_ses-20181231_T1w.nii.gz
adni_mci_conversion	137S6693	sub-137S6693_ses-20210222_T1w.nii.gz
adni_mci_conversion	137S6880	sub-137S6880_ses-20201030_T1w.nii.gz
adni_mci_conversion	137S6906	sub-137S6906_ses-20210614_T1w.nii.gz
adni_mci_conversion	141S1052	sub-141S1052_ses-20131221_run-01_T1w.nii.gz
adni_mci_conversion	141S2210	sub-141S2210_ses-20110104_run-01_T1w.nii.gz
adni_mci_conversion	141S2333	sub-141S2333_ses-20110324_run-01_T1w.nii.gz
adni_mci_conversion	141S4160	sub-141S4160_ses-20110904_run-01_T1w.nii.gz
adni_mci_conversion	141S4426	sub-141S4426_ses-20111202_run-01_T1w.nii.gz
adni_mci_conversion	141S6964	sub-141S6964_ses-20210623_run-01_T1w.nii.gz
adni_mci_conversion	153S2109	sub-153S2109_ses-20101005_run-01_T1w.nii.gz
adni_mci_conversion	153S4077	sub-153S4077_ses-20110615_run-01_T1w.nii.gz
adni_mci_conversion	153S6274	sub-153S6274_ses-20180322_T1w.nii.gz
adni_mci_conversion	153S6336	sub-153S6336_ses-20180503_T1w.nii.gz
adni_mci_conversion	153S6755	sub-153S6755_ses-20190619_T1w.nii.gz
adni_mci_conversion	168S6180	sub-168S6180_ses-20180130_T1w.nii.gz
adni_mci_conversion	168S6371	sub-168S6371_ses-20201022_T1w.nii.gz
adni_mci_conversion	168S6467	sub-168S6467_ses-20180705_T1w.nii.gz
adni_mci_conversion	168S6541	sub-168S6541_ses-20180815_T1w.nii.gz
adni_mci_conversion	168S6591	sub-168S6591_ses-20181001_T1w.nii.gz
adni_mci_conversion	168S6619	sub-168S6619_ses-20181105_T1w.nii.gz
adni_mci_conversion	168S6634	sub-168S6634_ses-20181127_T1w.nii.gz
adni_mci_conversion	168S6821	sub-168S6821_ses-20191023_T1w.nii.gz
adni_mci_conversion	168S6874	sub-168S6874_ses-20200622_T1w.nii.gz
adni_mci_conversion	168S6875	sub-168S6875_ses-20200629_T1w.nii.gz
adni_mci_conversion	168S6908	sub-168S6908_ses-20210301_T1w.nii.gz
adni_mci_conversion	301S6056	sub-301S6056_ses-20170802_T1w.nii.gz
adni_mci_conversion	301S6777	sub-301S6777_ses-20190812_T1w.nii.gz
adni_mci_conversion	305S6378	sub-305S6378_ses-20180519_T1w.nii.gz
adni_mci_conversion	305S6498	sub-305S6498_ses-20180709_T1w.nii.gz
adni_mci_conversion	305S6742	sub-305S6742_ses-20190622_T1w.nii.gz
adni_mci_conversion	305S6744	sub-305S6744_ses-20190629_T1w.nii.gz
adni_mci_conversion	305S6871	sub-305S6871_ses-20200521_T1w.nii.gz
adni_mci_conversion	941S2060	sub-941S2060_ses-20100908_run-01_T1w.nii.gz
adni_mci_conversion	941S4036	sub-941S4036_ses-20110510_run-01_T1w.nii.gz
adni_mci_conversion	941S4100	sub-941S4100_ses-20150828_run-01_T1w.nii.gz
adni_mci_conversion	941S4187	sub-941S4187_ses-20111128_run-01_T1w.nii.gz
adni_mci_conversion	941S4365	sub-941S4365_ses-20170828_T1w.nii.gz
adni_mci_conversion	941S4764	sub-941S4764_ses-20120601_run-01_T1w.nii.gz
adni_mci_conversion	941S6068	sub-941S6068_ses-20170821_T1w.nii.gz
adni_mci_conversion	941S6333	sub-941S6333_ses-20220815_T1w.nii.gz
adni_mci_conversion	941S6345	sub-941S6345_ses-20180510_T1w.nii.gz
adni_wmh_flair	002S1155	sub-002S1155_ses-20170424_FLAIR.nii.gz
adni_wmh_flair	002S1261	sub-002S1261_ses-20170315_FLAIR.nii.gz
adni_wmh_flair	002S4225	sub-002S4225_ses-20181112_FLAIR.nii.gz
adni_wmh_flair	002S4654	sub-002S4654_ses-20170503_FLAIR.nii.gz
adni_wmh_flair	002S4799	sub-002S4799_ses-20170522_FLAIR.nii.gz
adni_wmh_flair	002S5178	sub-002S5178_ses-20170531_FLAIR.nii.gz
adni_wmh_flair	002S6030	sub-002S6030_ses-20170615_FLAIR.nii.gz
adni_wmh_flair	002S6053	sub-002S6053_ses-20170718_FLAIR.nii.gz
adni_wmh_flair	002S6066	sub-002S6066_ses-20170816_FLAIR.nii.gz
adni_wmh_flair	002S6404	sub-002S6404_ses-20180529_FLAIR.nii.gz
adni_wmh_flair	002S6456	sub-002S6456_ses-20180703_FLAIR.nii.gz
adni_wmh_flair	003S10158	sub-003S10158_ses-20240711_FLAIR.nii.gz
adni_wmh_flair	003S10622	sub-003S10622_ses-20250326_FLAIR.nii.gz
adni_wmh_flair	003S1074	sub-003S1074_ses-20170922_FLAIR.nii.gz
adni_wmh_flair	003S4119	sub-003S4119_ses-20191029_FLAIR.nii.gz
adni_wmh_flair	003S4644	sub-003S4644_ses-20170621_FLAIR.nii.gz
adni_wmh_flair	003S4872	sub-003S4872_ses-20220721_FLAIR.nii.gz
adni_wmh_flair	003S6014	sub-003S6014_ses-20180215_FLAIR.nii.gz
adni_wmh_flair	003S6067	sub-003S6067_ses-20170818_FLAIR.nii.gz
adni_wmh_flair	003S6256	sub-003S6256_ses-20180313_FLAIR.nii.gz
adni_wmh_flair	003S6258	sub-003S6258_ses-20180313_FLAIR.nii.gz
adni_wmh_flair	003S6264	sub-003S6264_ses-20180604_FLAIR.nii.gz
adni_wmh_flair	003S6307	sub-003S6307_ses-20180619_FLAIR.nii.gz
adni_wmh_flair	003S6432	sub-003S6432_ses-20180627_FLAIR.nii.gz
adni_wmh_flair	003S6606	sub-003S6606_ses-20181108_FLAIR.nii.gz
adni_wmh_flair	003S6678	sub-003S6678_ses-20190122_FLAIR.nii.gz
adni_wmh_flair	003S6833	sub-003S6833_ses-20191107_FLAIR.nii.gz
adni_wmh_flair	003S6954	sub-003S6954_ses-20210526_FLAIR.nii.gz
adni_wmh_flair	003S6959	sub-003S6959_ses-20210616_FLAIR.nii.gz
adni_wmh_flair	005S10240	sub-005S10240_ses-20240919_FLAIR.nii.gz
adni_wmh_flair	005S6093	sub-005S6093_ses-20171027_FLAIR.nii.gz
adni_wmh_flair	005S6427	sub-005S6427_ses-20180625_FLAIR.nii.gz
adni_wmh_flair	006S0731	sub-006S0731_ses-20170918_FLAIR.nii.gz
adni_wmh_flair	006S4485	sub-006S4485_ses-20191001_FLAIR.nii.gz
adni_wmh_flair	006S4713	sub-006S4713_ses-20191118_FLAIR.nii.gz
adni_wmh_flair	006S6234	sub-006S6234_ses-20180219_FLAIR.nii.gz
adni_wmh_flair	006S6277	sub-006S6277_ses-20180328_FLAIR.nii.gz
adni_wmh_flair	006S6500	sub-006S6500_ses-20180730_FLAIR.nii.gz
adni_wmh_flair	006S6674	sub-006S6674_ses-20190403_FLAIR.nii.gz
adni_wmh_flair	006S6689	sub-006S6689_ses-20190227_FLAIR.nii.gz
adni_wmh_flair	006S6727	sub-006S6727_ses-20190507_FLAIR.nii.gz
adni_wmh_flair	007S2394	sub-007S2394_ses-20170814_FLAIR.nii.gz
adni_wmh_flair	007S4387	sub-007S4387_ses-20171101_FLAIR.nii.gz
adni_wmh_flair	007S4637	sub-007S4637_ses-20171010_FLAIR.nii.gz
adni_wmh_flair	007S6310	sub-007S6310_ses-20180409_FLAIR.nii.gz
adni_wmh_flair	007S6515	sub-007S6515_ses-20180716_FLAIR.nii.gz
adni_wmh_flair	009S0751	sub-009S0751_ses-20170718_FLAIR.nii.gz
adni_wmh_flair	011S10483	sub-011S10483_ses-20250416_FLAIR.nii.gz
adni_wmh_flair	011S4105	sub-011S4105_ses-20171010_FLAIR.nii.gz
adni_wmh_flair	011S4278	sub-011S4278_ses-20171130_FLAIR.nii.gz
adni_wmh_flair	011S4827	sub-011S4827_ses-20170831_FLAIR.nii.gz
adni_wmh_flair	011S4893	sub-011S4893_ses-20171108_FLAIR.nii.gz
adni_wmh_flair	011S7028	sub-011S7028_ses-20220311_FLAIR.nii.gz
adni_wmh_flair	012S10312	sub-012S10312_ses-20241223_FLAIR.nii.gz
adni_wmh_flair	012S4188	sub-012S4188_ses-20170911_FLAIR.nii.gz
adni_wmh_flair	012S5157	sub-012S5157_ses-20190115_FLAIR.nii.gz
adni_wmh_flair	012S6760	sub-012S6760_ses-20190626_FLAIR.nii.gz
adni_wmh_flair	013S7097	sub-013S7097_ses-20220928_FLAIR.nii.gz
adni_wmh_flair	014S4401	sub-014S4401_ses-20170921_FLAIR.nii.gz
adni_wmh_flair	014S4576	sub-014S4576_ses-20170901_FLAIR.nii.gz
adni_wmh_flair	014S6076	sub-014S6076_ses-20170922_FLAIR.nii.gz
adni_wmh_flair	014S6145	sub-014S6145_ses-20171218_FLAIR.nii.gz
adni_wmh_flair	014S6148	sub-014S6148_ses-20171222_FLAIR.nii.gz
adni_wmh_flair	014S6199	sub-014S6199_ses-20180221_FLAIR.nii.gz
adni_wmh_flair	014S6366	sub-014S6366_ses-20180524_FLAIR.nii.gz
adni_wmh_flair	014S6437	sub-014S6437_ses-20180821_FLAIR.nii.gz
adni_wmh_flair	014S6522	sub-014S6522_ses-20180817_FLAIR.nii.gz
adni_wmh_flair	014S6831	sub-014S6831_ses-20191107_FLAIR.nii.gz
adni_wmh_flair	014S6935	sub-014S6935_ses-20210506_FLAIR.nii.gz
adni_wmh_flair	014S6988	sub-014S6988_ses-20210817_FLAIR.nii.gz
adni_wmh_flair	014S7080	sub-014S7080_ses-20220617_FLAIR.nii.gz
adni_wmh_flair	016S10189	sub-016S10189_ses-20240808_FLAIR.nii.gz
adni_wmh_flair	016S10429	sub-016S10429_ses-20250115_FLAIR.nii.gz
adni_wmh_flair	016S4951	sub-016S4951_ses-20170214_FLAIR.nii.gz
adni_wmh_flair	016S6381	sub-016S6381_ses-20180517_FLAIR.nii.gz
adni_wmh_flair	016S6834	sub-016S6834_ses-20191111_FLAIR.nii.gz
adni_wmh_flair	016S6926	sub-016S6926_ses-20210405_FLAIR.nii.gz
adni_wmh_flair	016S6931	sub-016S6931_ses-20210416_FLAIR.nii.gz
adni_wmh_flair	016S6939	sub-016S6939_ses-20210506_FLAIR.nii.gz
adni_wmh_flair	016S7014	sub-016S7014_ses-20211130_FLAIR.nii.gz
adni_wmh_flair	016S7039	sub-016S7039_ses-20220120_FLAIR.nii.gz
adni_wmh_flair	018S2133	sub-018S2133_ses-20180110_FLAIR.nii.gz
adni_wmh_flair	018S4868	sub-018S4868_ses-20170914_FLAIR.nii.gz
adni_wmh_flair	018S6351	sub-018S6351_ses-20180510_FLAIR.nii.gz
adni_wmh_flair	019S4293	sub-019S4293_ses-20170608_FLAIR.nii.gz
adni_wmh_flair	019S4835	sub-019S4835_ses-20180710_FLAIR.nii.gz
adni_wmh_flair	019S6186	sub-019S6186_ses-20180129_FLAIR.nii.gz
adni_wmh_flair	019S6315	sub-019S6315_ses-20180425_FLAIR.nii.gz
adni_wmh_flair	020S5203	sub-020S5203_ses-20171213_FLAIR.nii.gz
adni_wmh_flair	020S6185	sub-020S6185_ses-20180125_FLAIR.nii.gz
adni_wmh_flair	020S6282	sub-020S6282_ses-20180409_FLAIR.nii.gz
adni_wmh_flair	020S6449	sub-020S6449_ses-20180706_FLAIR.nii.gz
adni_wmh_flair	020S6513	sub-020S6513_ses-20180731_FLAIR.nii.gz
adni_wmh_flair	020S6566	sub-020S6566_ses-20180830_FLAIR.nii.gz
adni_wmh_flair	020S6901	sub-020S6901_ses-20210216_FLAIR.nii.gz
adni_wmh_flair	021S0178	sub-021S0178_ses-20170426_FLAIR.nii.gz
adni_wmh_flair	021S0337	sub-021S0337_ses-20170531_FLAIR.nii.gz
adni_wmh_flair	021S0626	sub-021S0626_ses-20170412_FLAIR.nii.gz
adni_wmh_flair	021S4744	sub-021S4744_ses-20170713_FLAIR.nii.gz
adni_wmh_flair	021S5177	sub-021S5177_ses-20170627_FLAIR.nii.gz
adni_wmh_flair	021S6312	sub-021S6312_ses-20180419_FLAIR.nii.gz
adni_wmh_flair	021S7062	sub-021S7062_ses-20220329_FLAIR.nii.gz
adni_wmh_flair	021S7092	sub-021S7092_ses-20220629_FLAIR.nii.gz
adni_wmh_flair	022S10143	sub-022S10143_ses-20240702_FLAIR.nii.gz
adni_wmh_flair	022S10181	sub-022S10181_ses-20240819_FLAIR.nii.gz
adni_wmh_flair	022S10256	sub-022S10256_ses-20240314_FLAIR.nii.gz
adni_wmh_flair	022S10306	sub-022S10306_ses-20250117_FLAIR.nii.gz
adni_wmh_flair	022S10481	sub-022S10481_ses-20250327_FLAIR.nii.gz
adni_wmh_flair	022S2379	sub-022S2379_ses-20170503_FLAIR.nii.gz
adni_wmh_flair	022S5004	sub-022S5004_ses-20170321_FLAIR.nii.gz
adni_wmh_flair	022S6013	sub-022S6013_ses-20170426_FLAIR.nii.gz
adni_wmh_flair	022S6716	sub-022S6716_ses-20190507_FLAIR.nii.gz
adni_wmh_flair	022S6796	sub-022S6796_ses-20190903_FLAIR.nii.gz
adni_wmh_flair	022S6797	sub-022S6797_ses-20190828_FLAIR.nii.gz
adni_wmh_flair	022S6822	sub-022S6822_ses-20191003_FLAIR.nii.gz
adni_wmh_flair	022S6847	sub-022S6847_ses-20200129_FLAIR.nii.gz
adni_wmh_flair	022S6863	sub-022S6863_ses-20200820_FLAIR.nii.gz
adni_wmh_flair	023S10094	sub-023S10094_ses-20240403_FLAIR.nii.gz
adni_wmh_flair	023S2068	sub-023S2068_ses-20171215_FLAIR.nii.gz
adni_wmh_flair	023S6334	sub-023S6334_ses-20180504_FLAIR.nii.gz
adni_wmh_flair	023S6399	sub-023S6399_ses-20180530_FLAIR.nii.gz
adni_wmh_flair	023S6661	sub-023S6661_ses-20190107_FLAIR.nii.gz
adni_wmh_flair	024S4674	sub-024S4674_ses-20170728_FLAIR.nii.gz
adni_wmh_flair	024S6005	sub-024S6005_ses-20170309_FLAIR.nii.gz
adni_wmh_flair	024S6472	sub-024S6472_ses-20180702_FLAIR.nii.gz
adni_wmh_flair	024S7025	sub-024S7025_ses-20211111_FLAIR.nii.gz
adni_wmh_flair	027S0074	sub-027S0074_ses-20190124_FLAIR.nii.gz
adni_wmh_flair	027S10316	sub-027S10316_ses-20241031_FLAIR.nii.gz
adni_wmh_flair	027S10362	sub-027S10362_ses-20241209_FLAIR.nii.gz
adni_wmh_flair	027S10438	sub-027S10438_ses-20250130_FLAIR.nii.gz
adni_wmh_flair	027S10494	sub-027S10494_ses-20250331_FLAIR.nii.gz
adni_wmh_flair	027S10711	sub-027S10711_ses-20250515_FLAIR.nii.gz
adni_wmh_flair	027S2219	sub-027S2219_ses-20170419_FLAIR.nii.gz
adni_wmh_flair	027S6002	sub-027S6002_ses-20170123_FLAIR.nii.gz
adni_wmh_flair	027S6317	sub-027S6317_ses-20180511_FLAIR.nii.gz
adni_wmh_flair	027S6370	sub-027S6370_ses-20180706_FLAIR.nii.gz
adni_wmh_flair	027S6582	sub-027S6582_ses-20181009_FLAIR.nii.gz
adni_wmh_flair	027S6648	sub-027S6648_ses-20190102_FLAIR.nii.gz
adni_wmh_flair	027S6788	sub-027S6788_ses-20190805_FLAIR.nii.gz
adni_wmh_flair	027S6842	sub-027S6842_ses-20200131_FLAIR.nii.gz
adni_wmh_flair	027S6961	sub-027S6961_ses-20210615_FLAIR.nii.gz
adni_wmh_flair	027S7024	sub-027S7024_ses-20211104_FLAIR.nii.gz
adni_wmh_flair	029S10197	sub-029S10197_ses-20240830_FLAIR.nii.gz
adni_wmh_flair	029S10478	sub-029S10478_ses-20250217_FLAIR.nii.gz
adni_wmh_flair	029S4290	sub-029S4290_ses-20180612_FLAIR.nii.gz
adni_wmh_flair	029S5219	sub-029S5219_ses-20190314_FLAIR.nii.gz
adni_wmh_flair	029S6726	sub-029S6726_ses-20190613_FLAIR.nii.gz
adni_wmh_flair	031S0618	sub-031S0618_ses-20190920_FLAIR.nii.gz
adni_wmh_flair	031S10758	sub-031S10758_ses-20250528_FLAIR.nii.gz
adni_wmh_flair	031S2233	sub-031S2233_ses-20190221_FLAIR.nii.gz
adni_wmh_flair	031S4721	sub-031S4721_ses-20181214_FLAIR.nii.gz
adni_wmh_flair	032S0677	sub-032S0677_ses-20170720_FLAIR.nii.gz
adni_wmh_flair	032S4277	sub-032S4277_ses-20170802_FLAIR.nii.gz
adni_wmh_flair	032S4429	sub-032S4429_ses-20171211_FLAIR.nii.gz
adni_wmh_flair	032S6055	sub-032S6055_ses-20170724_FLAIR.nii.gz
adni_wmh_flair	032S6211	sub-032S6211_ses-20180319_FLAIR.nii.gz
adni_wmh_flair	032S6279	sub-032S6279_ses-20180404_FLAIR.nii.gz
adni_wmh_flair	032S6294	sub-032S6294_ses-20180503_FLAIR.nii.gz
adni_wmh_flair	032S6602	sub-032S6602_ses-20181011_FLAIR.nii.gz
adni_wmh_flair	032S6700	sub-032S6700_ses-20190415_FLAIR.nii.gz
adni_wmh_flair	032S6701	sub-032S6701_ses-20190415_FLAIR.nii.gz
adni_wmh_flair	032S6717	sub-032S6717_ses-20190423_FLAIR.nii.gz
adni_wmh_flair	032S6728	sub-032S6728_ses-20190607_FLAIR.nii.gz
adni_wmh_flair	033S10016	sub-033S10016_ses-20231016_FLAIR.nii.gz
adni_wmh_flair	033S10021	sub-033S10021_ses-20241108_FLAIR.nii.gz
adni_wmh_flair	033S10144	sub-033S10144_ses-20240705_FLAIR.nii.gz
adni_wmh_flair	033S10147	sub-033S10147_ses-20240715_FLAIR.nii.gz
adni_wmh_flair	033S1016	sub-033S1016_ses-20171206_FLAIR.nii.gz
adni_wmh_flair	033S10215	sub-033S10215_ses-20240829_FLAIR.nii.gz
adni_wmh_flair	033S10693	sub-033S10693_ses-20250502_FLAIR.nii.gz
adni_wmh_flair	033S1098	sub-033S1098_ses-20171204_FLAIR.nii.gz
adni_wmh_flair	033S4176	sub-033S4176_ses-20180118_FLAIR.nii.gz
adni_wmh_flair	033S4177	sub-033S4177_ses-20180123_FLAIR.nii.gz
adni_wmh_flair	033S6266	sub-033S6266_ses-20180309_FLAIR.nii.gz
adni_wmh_flair	033S6298	sub-033S6298_ses-20180412_FLAIR.nii.gz
adni_wmh_flair	033S6497	sub-033S6497_ses-20180716_FLAIR.nii.gz
adni_wmh_flair	033S6705	sub-033S6705_ses-20190326_run-02_FLAIR.nii.gz
adni_wmh_flair	033S6824	sub-033S6824_ses-20191001_FLAIR.nii.gz
adni_wmh_flair	033S6889	sub-033S6889_ses-20200929_FLAIR.nii.gz
adni_wmh_flair	033S6976	sub-033S6976_ses-20210702_FLAIR.nii.gz
adni_wmh_flair	033S7066	sub-033S7066_ses-20220418_FLAIR.nii.gz
adni_wmh_flair	033S7079	sub-033S7079_ses-20220601_FLAIR.nii.gz
adni_wmh_flair	035S0156	sub-035S0156_ses-20171019_FLAIR.nii.gz
adni_wmh_flair	035S10031	sub-035S10031_ses-20240111_FLAIR.nii.gz
adni_wmh_flair	035S10053	sub-035S10053_ses-20240215_FLAIR.nii.gz
adni_wmh_flair	035S10067	sub-035S10067_ses-20240311_FLAIR.nii.gz
adni_wmh_flair	035S10274	sub-035S10274_ses-20241014_FLAIR.nii.gz
adni_wmh_flair	035S10455	sub-035S10455_ses-20250129_FLAIR.nii.gz
adni_wmh_flair	035S6156	sub-035S6156_ses-20171220_FLAIR.nii.gz
adni_wmh_flair	035S6160	sub-035S6160_ses-20180105_FLAIR.nii.gz
adni_wmh_flair	035S6200	sub-035S6200_ses-20180209_FLAIR.nii.gz
adni_wmh_flair	035S6380	sub-035S6380_ses-20180606_FLAIR.nii.gz
adni_wmh_flair	035S6480	sub-035S6480_ses-20180705_FLAIR.nii.gz
adni_wmh_flair	035S6660	sub-035S6660_ses-20190204_FLAIR.nii.gz
adni_wmh_flair	035S6722	sub-035S6722_ses-20190425_FLAIR.nii.gz
adni_wmh_flair	035S6730	sub-035S6730_ses-20190618_FLAIR.nii.gz
adni_wmh_flair	035S7050	sub-035S7050_ses-20240614_FLAIR.nii.gz
adni_wmh_flair	036S4430	sub-036S4430_ses-20171107_FLAIR.nii.gz
adni_wmh_flair	036S4538	sub-036S4538_ses-20171031_FLAIR.nii.gz
adni_wmh_flair	036S4715	sub-036S4715_ses-20171010_FLAIR.nii.gz
adni_wmh_flair	036S6088	sub-036S6088_ses-20171012_FLAIR.nii.gz
adni_wmh_flair	036S6099	sub-036S6099_ses-20171025_FLAIR.nii.gz
adni_wmh_flair	036S6179	sub-036S6179_ses-20180123_FLAIR.nii.gz
adni_wmh_flair	036S6231	sub-036S6231_ses-20180305_FLAIR.nii.gz
adni_wmh_flair	036S6885	sub-036S6885_ses-20200911_FLAIR.nii.gz
adni_wmh_flair	036S6887	sub-036S6887_ses-20200925_FLAIR.nii.gz
adni_wmh_flair	036S6894	sub-036S6894_ses-20201118_FLAIR.nii.gz
adni_wmh_flair	036S7067	sub-036S7067_ses-20220418_FLAIR.nii.gz
adni_wmh_flair	037S0150	sub-037S0150_ses-20170905_FLAIR.nii.gz
adni_wmh_flair	037S10063	sub-037S10063_ses-20240410_FLAIR.nii.gz
adni_wmh_flair	037S10116	sub-037S10116_ses-20241009_FLAIR.nii.gz
adni_wmh_flair	037S10225	sub-037S10225_ses-20241120_FLAIR.nii.gz
adni_wmh_flair	037S4028	sub-037S4028_ses-20191113_FLAIR.nii.gz
adni_wmh_flair	037S5126	sub-037S5126_ses-20190923_FLAIR.nii.gz
adni_wmh_flair	037S6031	sub-037S6031_ses-20170703_FLAIR.nii.gz
adni_wmh_flair	037S6046	sub-037S6046_ses-20170717_FLAIR.nii.gz
adni_wmh_flair	037S6115	sub-037S6115_ses-20171130_FLAIR.nii.gz
adni_wmh_flair	037S6144	sub-037S6144_ses-20171212_FLAIR.nii.gz
adni_wmh_flair	037S6187	sub-037S6187_ses-20180314_FLAIR.nii.gz
adni_wmh_flair	037S6222	sub-037S6222_ses-20180530_FLAIR.nii.gz
adni_wmh_flair	037S6230	sub-037S6230_ses-20180601_FLAIR.nii.gz
adni_wmh_flair	037S6271	sub-037S6271_ses-20180517_FLAIR.nii.gz
adni_wmh_flair	037S6627	sub-037S6627_ses-20181130_FLAIR.nii.gz
adni_wmh_flair	037S6974	sub-037S6974_ses-20210810_FLAIR.nii.gz
adni_wmh_flair	037S6977	sub-037S6977_ses-20210810_FLAIR.nii.gz
adni_wmh_flair	037S6992	sub-037S6992_ses-20211109_FLAIR.nii.gz
adni_wmh_flair	037S6993	sub-037S6993_ses-20210910_FLAIR.nii.gz
adni_wmh_flair	037S7006	sub-037S7006_ses-20211111_FLAIR.nii.gz
adni_wmh_flair	041S10125	sub-041S10125_ses-20240612_FLAIR.nii.gz
adni_wmh_flair	041S4427	sub-041S4427_ses-20171009_FLAIR.nii.gz
adni_wmh_flair	041S4510	sub-041S4510_ses-20171003_FLAIR.nii.gz
adni_wmh_flair	041S4876	sub-041S4876_ses-20170705_FLAIR.nii.gz
adni_wmh_flair	041S5078	sub-041S5078_ses-20170802_FLAIR.nii.gz
adni_wmh_flair	041S5097	sub-041S5097_ses-20180308_FLAIR.nii.gz
adni_wmh_flair	041S5141	sub-041S5141_ses-20170818_FLAIR.nii.gz
adni_wmh_flair	041S5253	sub-041S5253_ses-20171019_FLAIR.nii.gz
adni_wmh_flair	041S6159	sub-041S6159_ses-20180103_FLAIR.nii.gz
adni_wmh_flair	041S6314	sub-041S6314_ses-20180424_FLAIR.nii.gz
adni_wmh_flair	041S6801	sub-041S6801_ses-20190917_FLAIR.nii.gz
adni_wmh_flair	051S6719	sub-051S6719_ses-20190501_FLAIR.nii.gz
adni_wmh_flair	052S10195	sub-052S10195_ses-20240816_FLAIR.nii.gz
adni_wmh_flair	052S10242	sub-052S10242_ses-20240924_FLAIR.nii.gz
adni_wmh_flair	052S10246	sub-052S10246_ses-20240925_FLAIR.nii.gz
adni_wmh_flair	052S10284	sub-052S10284_ses-20241018_FLAIR.nii.gz
adni_wmh_flair	052S10354	sub-052S10354_ses-20241126_FLAIR.nii.gz
adni_wmh_flair	052S10425	sub-052S10425_ses-20250129_FLAIR.nii.gz
adni_wmh_flair	052S10449	sub-052S10449_ses-20250212_FLAIR.nii.gz
adni_wmh_flair	052S4944	sub-052S4944_ses-20180420_FLAIR.nii.gz
adni_wmh_flair	052S6305	sub-052S6305_ses-20180504_FLAIR.nii.gz
adni_wmh_flair	052S6412	sub-052S6412_ses-20180801_FLAIR.nii.gz
adni_wmh_flair	052S6832	sub-052S6832_ses-20191115_FLAIR.nii.gz
adni_wmh_flair	052S6844	sub-052S6844_ses-20200103_FLAIR.nii.gz
adni_wmh_flair	052S7037	sub-052S7037_ses-20220121_FLAIR.nii.gz
adni_wmh_flair	053S4813	sub-053S4813_ses-20181102_FLAIR.nii.gz
adni_wmh_flair	053S6598	sub-053S6598_ses-20181011_FLAIR.nii.gz
adni_wmh_flair	053S6861	sub-053S6861_ses-20200310_FLAIR.nii.gz
adni_wmh_flair	053S7086	sub-053S7086_ses-20220613_FLAIR.nii.gz
adni_wmh_flair	057S5292	sub-057S5292_ses-20180912_FLAIR.nii.gz
adni_wmh_flair	067S10475	sub-067S10475_ses-20250225_FLAIR.nii.gz
adni_wmh_flair	067S4072	sub-067S4072_ses-20170825_FLAIR.nii.gz
adni_wmh_flair	067S4782	sub-067S4782_ses-20170829_FLAIR.nii.gz
adni_wmh_flair	067S6045	sub-067S6045_ses-20170713_FLAIR.nii.gz
adni_wmh_flair	067S6117	sub-067S6117_ses-20171121_FLAIR.nii.gz
adni_wmh_flair	067S6138	sub-067S6138_ses-20180608_FLAIR.nii.gz
adni_wmh_flair	067S6518	sub-067S6518_ses-20180809_FLAIR.nii.gz
adni_wmh_flair	067S6528	sub-067S6528_ses-20180808_FLAIR.nii.gz
adni_wmh_flair	067S6958	sub-067S6958_ses-20210716_FLAIR.nii.gz
adni_wmh_flair	067S7020	sub-067S7020_ses-20211022_FLAIR.nii.gz
adni_wmh_flair	067S7063	sub-067S7063_ses-20220413_FLAIR.nii.gz
adni_wmh_flair	068S4424	sub-068S4424_ses-20170818_FLAIR.nii.gz
adni_wmh_flair	070S4856	sub-070S4856_ses-20180410_FLAIR.nii.gz
adni_wmh_flair	070S5040	sub-070S5040_ses-20180504_FLAIR.nii.gz
adni_wmh_flair	070S6191	sub-070S6191_ses-20180130_FLAIR.nii.gz
adni_wmh_flair	070S6386	sub-070S6386_ses-20180607_FLAIR.nii.gz
adni_wmh_flair	070S6542	sub-070S6542_ses-20180806_FLAIR.nii.gz
adni_wmh_flair	070S6886	sub-070S6886_ses-20200909_FLAIR.nii.gz
adni_wmh_flair	070S7078	sub-070S7078_ses-20220615_FLAIR.nii.gz
adni_wmh_flair	073S10054	sub-073S10054_ses-20240222_FLAIR.nii.gz
adni_wmh_flair	073S10074	sub-073S10074_ses-20240517_FLAIR.nii.gz
adni_wmh_flair	073S10084	sub-073S10084_ses-20240404_FLAIR.nii.gz
adni_wmh_flair	073S10088	sub-073S10088_ses-20240514_FLAIR.nii.gz
adni_wmh_flair	073S10167	sub-073S10167_ses-20240722_FLAIR.nii.gz
adni_wmh_flair	073S2191	sub-073S2191_ses-20200124_FLAIR.nii.gz
adni_wmh_flair	073S4216	sub-073S4216_ses-20200127_FLAIR.nii.gz
adni_wmh_flair	073S4393	sub-073S4393_ses-20200117_FLAIR.nii.gz
adni_wmh_flair	073S4552	sub-073S4552_ses-20200214_FLAIR.nii.gz
adni_wmh_flair	073S6673	sub-073S6673_ses-20210324_FLAIR.nii.gz
adni_wmh_flair	073S6907	sub-073S6907_ses-20210317_FLAIR.nii.gz
adni_wmh_flair	073S6925	sub-073S6925_ses-20210415_FLAIR.nii.gz
adni_wmh_flair	073S6929	sub-073S6929_ses-20210517_FLAIR.nii.gz
adni_wmh_flair	073S7082	sub-073S7082_ses-20220720_FLAIR.nii.gz
adni_wmh_flair	082S5282	sub-082S5282_ses-20180531_FLAIR.nii.gz
adni_wmh_flair	082S6283	sub-082S6283_ses-20180502_FLAIR.nii.gz
adni_wmh_flair	082S6415	sub-082S6415_ses-20180801_FLAIR.nii.gz
adni_wmh_flair	082S6564	sub-082S6564_ses-20180917_FLAIR.nii.gz
adni_wmh_flair	094S2201	sub-094S2201_ses-20171006_FLAIR.nii.gz
adni_wmh_flair	094S6250	sub-094S6250_ses-20180329_FLAIR.nii.gz
adni_wmh_flair	094S6269	sub-094S6269_ses-20180327_FLAIR.nii.gz
adni_wmh_flair	094S6275	sub-094S6275_ses-20180416_FLAIR.nii.gz
adni_wmh_flair	094S6417	sub-094S6417_ses-20180622_FLAIR.nii.gz
adni_wmh_flair	094S6440	sub-094S6440_ses-20180706_FLAIR.nii.gz
adni_wmh_flair	094S6468	sub-094S6468_ses-20180719_FLAIR.nii.gz
adni_wmh_flair	094S6736	sub-094S6736_ses-20190712_FLAIR.nii.gz
adni_wmh_flair	098S10357	sub-098S10357_ses-20241119_FLAIR.nii.gz
adni_wmh_flair	098S6343	sub-098S6343_ses-20240731_FLAIR.nii.gz
adni_wmh_flair	098S6734	sub-098S6734_ses-20240717_FLAIR.nii.gz
adni_wmh_flair	099S2146	sub-099S2146_ses-20171006_FLAIR.nii.gz
adni_wmh_flair	099S4086	sub-099S4086_ses-20171205_FLAIR.nii.gz
adni_wmh_flair	099S6379	sub-099S6379_ses-20180612_FLAIR.nii.gz
adni_wmh_flair	100S0069	sub-100S0069_ses-20180123_FLAIR.nii.gz
adni_wmh_flair	100S10028	sub-100S10028_ses-20240119_FLAIR.nii.gz
adni_wmh_flair	100S10109	sub-100S10109_ses-20240731_FLAIR.nii.gz
adni_wmh_flair	100S10110	sub-100S10110_ses-20240913_FLAIR.nii.gz
adni_wmh_flair	100S6164	sub-100S6164_ses-20180116_FLAIR.nii.gz
adni_wmh_flair	100S6578	sub-100S6578_ses-20180927_FLAIR.nii.gz
adni_wmh_flair	100S6713	sub-100S6713_ses-20190418_FLAIR.nii.gz
adni_wmh_flair	109S6218	sub-109S6218_ses-20180402_FLAIR.nii.gz
adni_wmh_flair	109S6220	sub-109S6220_ses-20180411_FLAIR.nii.gz
adni_wmh_flair	109S6363	sub-109S6363_ses-20180718_FLAIR.nii.gz
adni_wmh_flair	109S6373	sub-109S6373_ses-20181029_FLAIR.nii.gz
adni_wmh_flair	114S2392	sub-114S2392_ses-20170825_FLAIR.nii.gz
adni_wmh_flair	114S6429	sub-114S6429_ses-20180830_FLAIR.nii.gz
adni_wmh_flair	114S6524	sub-114S6524_ses-20181018_FLAIR.nii.gz
adni_wmh_flair	114S6813	sub-114S6813_ses-20191001_FLAIR.nii.gz
adni_wmh_flair	116S0382	sub-116S0382_ses-20180816_FLAIR.nii.gz
adni_wmh_flair	116S10683	sub-116S10683_ses-20250423_FLAIR.nii.gz
adni_wmh_flair	116S4483	sub-116S4483_ses-20180406_FLAIR.nii.gz
adni_wmh_flair	116S6119	sub-116S6119_ses-20180129_FLAIR.nii.gz
adni_wmh_flair	116S6439	sub-116S6439_ses-20180629_FLAIR.nii.gz
adni_wmh_flair	116S6458	sub-116S6458_ses-20180709_FLAIR.nii.gz
adni_wmh_flair	116S6517	sub-116S6517_ses-20180910_FLAIR.nii.gz
adni_wmh_flair	116S6537	sub-116S6537_ses-20180731_FLAIR.nii.gz
adni_wmh_flair	116S6550	sub-116S6550_ses-20180808_FLAIR.nii.gz
adni_wmh_flair	123S0072	sub-123S0072_ses-20171024_FLAIR.nii.gz
adni_wmh_flair	123S1300	sub-123S1300_ses-20170626_FLAIR.nii.gz
adni_wmh_flair	123S4127	sub-123S4127_ses-20180928_FLAIR.nii.gz
adni_wmh_flair	123S6118	sub-123S6118_ses-20171106_FLAIR.nii.gz
adni_wmh_flair	123S6825	sub-123S6825_ses-20190924_FLAIR.nii.gz
adni_wmh_flair	123S6884	sub-123S6884_ses-20200902_FLAIR.nii.gz
adni_wmh_flair	123S6888	sub-123S6888_ses-20200929_FLAIR.nii.gz
adni_wmh_flair	126S4507	sub-126S4507_ses-20180528_FLAIR.nii.gz
adni_wmh_flair	126S4891	sub-126S4891_ses-20180727_FLAIR.nii.gz
adni_wmh_flair	126S5214	sub-126S5214_ses-20180712_FLAIR.nii.gz
adni_wmh_flair	126S5243	sub-126S5243_ses-20180823_FLAIR.nii.gz
adni_wmh_flair	126S6724	sub-126S6724_ses-20190502_FLAIR.nii.gz
adni_wmh_flair	126S7060	sub-126S7060_ses-20220425_FLAIR.nii.gz
adni_wmh_flair	126S7083	sub-126S7083_ses-20220615_run-01_FLAIR.nii.gz
adni_wmh_flair	127S0259	sub-127S0259_ses-20170921_FLAIR.nii.gz
adni_wmh_flair	127S1427	sub-127S1427_ses-20170906_FLAIR.nii.gz
adni_wmh_flair	127S4148	sub-127S4148_ses-20170718_FLAIR.nii.gz
adni_wmh_flair	127S4198	sub-127S4198_ses-20171002_FLAIR.nii.gz
adni_wmh_flair	127S4210	sub-127S4210_ses-20170918_FLAIR.nii.gz
adni_wmh_flair	127S4301	sub-127S4301_ses-20171025_FLAIR.nii.gz
adni_wmh_flair	127S4928	sub-127S4928_ses-20170828_FLAIR.nii.gz
adni_wmh_flair	127S5132	sub-127S5132_ses-20170518_FLAIR.nii.gz
adni_wmh_flair	127S5228	sub-127S5228_ses-20171023_FLAIR.nii.gz
adni_wmh_flair	127S6147	sub-127S6147_ses-20180213_FLAIR.nii.gz
adni_wmh_flair	127S6173	sub-127S6173_ses-20180205_FLAIR.nii.gz
adni_wmh_flair	127S6232	sub-127S6232_ses-20180330_FLAIR.nii.gz
adni_wmh_flair	127S6348	sub-127S6348_ses-20180726_FLAIR.nii.gz
adni_wmh_flair	127S6433	sub-127S6433_ses-20180801_FLAIR.nii.gz
adni_wmh_flair	127S6436	sub-127S6436_ses-20180716_FLAIR.nii.gz
adni_wmh_flair	127S6512	sub-127S6512_ses-20180824_FLAIR.nii.gz
adni_wmh_flair	128S0200	sub-128S0200_ses-20181109_FLAIR.nii.gz
adni_wmh_flair	128S0205	sub-128S0205_ses-20180717_FLAIR.nii.gz
adni_wmh_flair	128S2036	sub-128S2036_ses-20200110_FLAIR.nii.gz
adni_wmh_flair	128S2220	sub-128S2220_ses-20180716_FLAIR.nii.gz
adni_wmh_flair	129S4396	sub-129S4396_ses-20171215_FLAIR.nii.gz
adni_wmh_flair	129S6082	sub-129S6082_ses-20171003_FLAIR.nii.gz
adni_wmh_flair	129S6704	sub-129S6704_ses-20190329_FLAIR.nii.gz
adni_wmh_flair	129S6830	sub-129S6830_ses-20191028_FLAIR.nii.gz
adni_wmh_flair	129S6848	sub-129S6848_ses-20200124_FLAIR.nii.gz
adni_wmh_flair	129S6857	sub-129S6857_ses-20200221_FLAIR.nii.gz
adni_wmh_flair	130S0969	sub-130S0969_ses-20170522_FLAIR.nii.gz
adni_wmh_flair	130S10192	sub-130S10192_ses-20240822_FLAIR.nii.gz
adni_wmh_flair	130S4294	sub-130S4294_ses-20171031_FLAIR.nii.gz
adni_wmh_flair	130S4343	sub-130S4343_ses-20170509_FLAIR.nii.gz
adni_wmh_flair	130S4417	sub-130S4417_ses-20170811_FLAIR.nii.gz
adni_wmh_flair	130S5175	sub-130S5175_ses-20170608_FLAIR.nii.gz
adni_wmh_flair	130S5258	sub-130S5258_ses-20190618_FLAIR.nii.gz
adni_wmh_flair	130S6019	sub-130S6019_ses-20170524_FLAIR.nii.gz
adni_wmh_flair	130S6027	sub-130S6027_ses-20171013_FLAIR.nii.gz
adni_wmh_flair	130S6043	sub-130S6043_ses-20170706_FLAIR.nii.gz
adni_wmh_flair	130S6047	sub-130S6047_ses-20170727_FLAIR.nii.gz
adni_wmh_flair	130S6072	sub-130S6072_ses-20170825_run-02_FLAIR.nii.gz
adni_wmh_flair	130S6111	sub-130S6111_ses-20171113_FLAIR.nii.gz
adni_wmh_flair	130S6319	sub-130S6319_ses-20180427_FLAIR.nii.gz
adni_wmh_flair	130S6390	sub-130S6390_ses-20180613_FLAIR.nii.gz
adni_wmh_flair	130S6391	sub-130S6391_ses-20180613_FLAIR.nii.gz
adni_wmh_flair	130S6558	sub-130S6558_ses-20180924_FLAIR.nii.gz
adni_wmh_flair	130S6604	sub-130S6604_ses-20181012_FLAIR.nii.gz
adni_wmh_flair	130S6647	sub-130S6647_ses-20181214_FLAIR.nii.gz
adni_wmh_flair	130S6823	sub-130S6823_ses-20191001_FLAIR.nii.gz
adni_wmh_flair	131S6143	sub-131S6143_ses-20180315_FLAIR.nii.gz
adni_wmh_flair	135S10332	sub-135S10332_ses-20241120_FLAIR.nii.gz
adni_wmh_flair	135S4489	sub-135S4489_ses-20170606_FLAIR.nii.gz
adni_wmh_flair	135S4722	sub-135S4722_ses-20170622_FLAIR.nii.gz
adni_wmh_flair	135S6110	sub-135S6110_ses-20171115_FLAIR.nii.gz
adni_wmh_flair	135S6359	sub-135S6359_ses-20180510_FLAIR.nii.gz
adni_wmh_flair	135S6389	sub-135S6389_ses-20180529_FLAIR.nii.gz
adni_wmh_flair	135S6446	sub-135S6446_ses-20180621_FLAIR.nii.gz
adni_wmh_flair	135S6473	sub-135S6473_ses-20180629_FLAIR.nii.gz
adni_wmh_flair	135S6509	sub-135S6509_ses-20180716_FLAIR.nii.gz
adni_wmh_flair	135S6510	sub-135S6510_ses-20180719_FLAIR.nii.gz
adni_wmh_flair	135S6544	sub-135S6544_ses-20180810_FLAIR.nii.gz
adni_wmh_flair	135S6622	sub-135S6622_ses-20181102_FLAIR.nii.gz
adni_wmh_flair	135S6840	sub-135S6840_ses-20191205_FLAIR.nii.gz
adni_wmh_flair	137S10058	sub-137S10058_ses-20241008_FLAIR.nii.gz
adni_wmh_flair	137S10285	sub-137S10285_ses-20241104_FLAIR.nii.gz
adni_wmh_flair	137S4351	sub-137S4351_ses-20171031_FLAIR.nii.gz
adni_wmh_flair	137S4466	sub-137S4466_ses-20171205_FLAIR.nii.gz
adni_wmh_flair	137S4520	sub-137S4520_ses-20171108_FLAIR.nii.gz
adni_wmh_flair	137S6557	sub-137S6557_ses-20180828_FLAIR.nii.gz
adni_wmh_flair	137S6685	sub-137S6685_ses-20190401_FLAIR.nii.gz
adni_wmh_flair	137S6883	sub-137S6883_ses-20201028_FLAIR.nii.gz
adni_wmh_flair	137S6903	sub-137S6903_ses-20210618_FLAIR.nii.gz
adni_wmh_flair	137S6906	sub-137S6906_ses-20210614_FLAIR.nii.gz
adni_wmh_flair	141S0767	sub-141S0767_ses-20170429_FLAIR.nii.gz
adni_wmh_flair	141S1378	sub-141S1378_ses-20170603_FLAIR.nii.gz
adni_wmh_flair	141S6041	sub-141S6041_ses-20170706_FLAIR.nii.gz
adni_wmh_flair	141S6061	sub-141S6061_ses-20170813_FLAIR.nii.gz
adni_wmh_flair	141S6240	sub-141S6240_ses-20180311_FLAIR.nii.gz
adni_wmh_flair	141S6253	sub-141S6253_ses-20180318_FLAIR.nii.gz
adni_wmh_flair	141S6416	sub-141S6416_ses-20180630_FLAIR.nii.gz
adni_wmh_flair	141S6779	sub-141S6779_ses-20201027_FLAIR.nii.gz
adni_wmh_flair	141S6872	sub-141S6872_ses-20200723_FLAIR.nii.gz
adni_wmh_flair	141S7013	sub-141S7013_ses-20211028_FLAIR.nii.gz
adni_wmh_flair	153S6274	sub-153S6274_ses-20180322_FLAIR.nii.gz
adni_wmh_flair	153S6336	sub-153S6336_ses-20180503_FLAIR.nii.gz
adni_wmh_flair	153S6665	sub-153S6665_ses-20190108_FLAIR.nii.gz
adni_wmh_flair	168S6049	sub-168S6049_ses-20171011_FLAIR.nii.gz
adni_wmh_flair	168S6051	sub-168S6051_ses-20170713_FLAIR.nii.gz
adni_wmh_flair	168S6062	sub-168S6062_ses-20170817_FLAIR.nii.gz
adni_wmh_flair	168S6064	sub-168S6064_ses-20170824_FLAIR.nii.gz
adni_wmh_flair	168S6065	sub-168S6065_ses-20170905_FLAIR.nii.gz
adni_wmh_flair	168S6086	sub-168S6086_ses-20171013_FLAIR.nii.gz
adni_wmh_flair	168S6107	sub-168S6107_ses-20171113_FLAIR.nii.gz
adni_wmh_flair	168S6108	sub-168S6108_ses-20171113_FLAIR.nii.gz
adni_wmh_flair	168S6121	sub-168S6121_ses-20171212_FLAIR.nii.gz
adni_wmh_flair	168S6151	sub-168S6151_ses-20171219_FLAIR.nii.gz
adni_wmh_flair	168S6233	sub-168S6233_ses-20180226_FLAIR.nii.gz
adni_wmh_flair	168S6281	sub-168S6281_ses-20180409_FLAIR.nii.gz
adni_wmh_flair	168S6371	sub-168S6371_ses-20180516_FLAIR.nii.gz
adni_wmh_flair	168S6413	sub-168S6413_ses-20180611_FLAIR.nii.gz
adni_wmh_flair	168S6467	sub-168S6467_ses-20180705_FLAIR.nii.gz
adni_wmh_flair	168S6591	sub-168S6591_ses-20181001_FLAIR.nii.gz
adni_wmh_flair	168S6619	sub-168S6619_ses-20181105_FLAIR.nii.gz
adni_wmh_flair	168S6735	sub-168S6735_ses-20190607_FLAIR.nii.gz
adni_wmh_flair	168S6754	sub-168S6754_ses-20190627_FLAIR.nii.gz
adni_wmh_flair	168S6828	sub-168S6828_ses-20191014_FLAIR.nii.gz
adni_wmh_flair	168S6843	sub-168S6843_ses-20200114_FLAIR.nii.gz
adni_wmh_flair	168S6860	sub-168S6860_ses-20200305_FLAIR.nii.gz
adni_wmh_flair	168S6873	sub-168S6873_ses-20200617_FLAIR.nii.gz
adni_wmh_flair	168S6875	sub-168S6875_ses-20200629_FLAIR.nii.gz
adni_wmh_flair	168S6902	sub-168S6902_ses-20210204_FLAIR.nii.gz
adni_wmh_flair	168S6938	sub-168S6938_ses-20210518_FLAIR.nii.gz
adni_wmh_flair	177S6420	sub-177S6420_ses-20180625_FLAIR.nii.gz
adni_wmh_flair	301S10139	sub-301S10139_ses-20240612_FLAIR.nii.gz
adni_wmh_flair	301S10247	sub-301S10247_ses-20240910_FLAIR.nii.gz
adni_wmh_flair	301S10389	sub-301S10389_ses-20241202_FLAIR.nii.gz
adni_wmh_flair	301S6326	sub-301S6326_ses-20180426_FLAIR.nii.gz
adni_wmh_flair	301S6508	sub-301S6508_ses-20180807_FLAIR.nii.gz
adni_wmh_flair	301S6592	sub-301S6592_ses-20181023_FLAIR.nii.gz
adni_wmh_flair	301S6615	sub-301S6615_ses-20181024_FLAIR.nii.gz
adni_wmh_flair	305S10404	sub-305S10404_ses-20241218_FLAIR.nii.gz
adni_wmh_flair	305S6378	sub-305S6378_ses-20180519_FLAIR.nii.gz
adni_wmh_flair	305S6498	sub-305S6498_ses-20180709_FLAIR.nii.gz
adni_wmh_flair	305S6742	sub-305S6742_ses-20190622_FLAIR.nii.gz
adni_wmh_flair	305S6744	sub-305S6744_ses-20190629_FLAIR.nii.gz
adni_wmh_flair	305S6845	sub-305S6845_ses-20200104_FLAIR.nii.gz
adni_wmh_flair	305S6871	sub-305S6871_ses-20200521_FLAIR.nii.gz
adni_wmh_flair	305S6899	sub-305S6899_ses-20210203_FLAIR.nii.gz
adni_wmh_flair	341S6494	sub-341S6494_ses-20180723_FLAIR.nii.gz
adni_wmh_flair	341S6686	sub-341S6686_ses-20190220_FLAIR.nii.gz
adni_wmh_flair	389S10070	sub-389S10070_ses-20240325_FLAIR.nii.gz
adni_wmh_flair	389S10076	sub-389S10076_ses-20240419_FLAIR.nii.gz
adni_wmh_flair	389S10251	sub-389S10251_ses-20241112_FLAIR.nii.gz
adni_wmh_flair	405S10397	sub-405S10397_ses-20241212_FLAIR.nii.gz
adni_wmh_flair	941S10003	sub-941S10003_ses-20230825_FLAIR.nii.gz
adni_wmh_flair	941S10011	sub-941S10011_ses-20241022_FLAIR.nii.gz
adni_wmh_flair	941S10015	sub-941S10015_ses-20230929_FLAIR.nii.gz
adni_wmh_flair	941S10023	sub-941S10023_ses-20231129_FLAIR.nii.gz
adni_wmh_flair	941S10024	sub-941S10024_ses-20231222_FLAIR.nii.gz
adni_wmh_flair	941S4100	sub-941S4100_ses-20171027_FLAIR.nii.gz
adni_wmh_flair	941S4292	sub-941S4292_ses-20170821_FLAIR.nii.gz
adni_wmh_flair	941S5124	sub-941S5124_ses-20180126_FLAIR.nii.gz
adni_wmh_flair	941S5193	sub-941S5193_ses-20170609_FLAIR.nii.gz
adni_wmh_flair	941S6044	sub-941S6044_ses-20170710_FLAIR.nii.gz
adni_wmh_flair	941S6068	sub-941S6068_ses-20170821_FLAIR.nii.gz
adni_wmh_flair	941S6080	sub-941S6080_ses-20170929_FLAIR.nii.gz
adni_wmh_flair	941S6094	sub-941S6094_ses-20171023_FLAIR.nii.gz
adni_wmh_flair	941S6333	sub-941S6333_ses-20180501_FLAIR.nii.gz
adni_wmh_flair	941S6392	sub-941S6392_ses-20180530_FLAIR.nii.gz
adni_wmh_flair	941S6514	sub-941S6514_ses-20180724_FLAIR.nii.gz
adni_wmh_flair	941S6546	sub-941S6546_ses-20180808_FLAIR.nii.gz
adni_wmh_flair	941S6570	sub-941S6570_ses-20180831_FLAIR.nii.gz
adni_wmh_flair	941S6854	sub-941S6854_ses-20200214_FLAIR.nii.gz
adni_wmh_flair	941S7041	sub-941S7041_ses-20220214_FLAIR.nii.gz
adni_wmh_flair	941S7085	sub-941S7085_ses-20220701_FLAIR.nii.gz
adni_wmh_flair	941S7106	sub-941S7106_ses-20220909_FLAIR.nii.gz
adni_wmh_t1	002S1155	sub-002S1155_ses-20170424_T1w.nii.gz
adni_wmh_t1	002S1261	sub-002S1261_ses-20170315_T1w.nii.gz
adni_wmh_t1	002S4225	sub-002S4225_ses-20181112_T1w.nii.gz
adni_wmh_t1	002S4654	sub-002S4654_ses-20170503_T1w.nii.gz
adni_wmh_t1	002S4799	sub-002S4799_ses-20170522_T1w.nii.gz
adni_wmh_t1	002S5178	sub-002S5178_ses-20170531_T1w.nii.gz
adni_wmh_t1	002S6030	sub-002S6030_ses-20170615_T1w.nii.gz
adni_wmh_t1	002S6053	sub-002S6053_ses-20170718_T1w.nii.gz
adni_wmh_t1	002S6066	sub-002S6066_ses-20170816_T1w.nii.gz
adni_wmh_t1	002S6404	sub-002S6404_ses-20180529_T1w.nii.gz
adni_wmh_t1	002S6456	sub-002S6456_ses-20180703_T1w.nii.gz
adni_wmh_t1	003S10158	sub-003S10158_ses-20240711_T1w.nii.gz
adni_wmh_t1	003S10622	sub-003S10622_ses-20250326_T1w.nii.gz
adni_wmh_t1	003S1074	sub-003S1074_ses-20170922_T1w.nii.gz
adni_wmh_t1	003S4119	sub-003S4119_ses-20191029_T1w.nii.gz
adni_wmh_t1	003S4644	sub-003S4644_ses-20170621_T1w.nii.gz
adni_wmh_t1	003S4872	sub-003S4872_ses-20220721_T1w.nii.gz
adni_wmh_t1	003S6014	sub-003S6014_ses-20180215_T1w.nii.gz
adni_wmh_t1	003S6067	sub-003S6067_ses-20170818_T1w.nii.gz
adni_wmh_t1	003S6256	sub-003S6256_ses-20180313_T1w.nii.gz
adni_wmh_t1	003S6258	sub-003S6258_ses-20180313_T1w.nii.gz
adni_wmh_t1	003S6264	sub-003S6264_ses-20180604_T1w.nii.gz
adni_wmh_t1	003S6307	sub-003S6307_ses-20180619_T1w.nii.gz
adni_wmh_t1	003S6432	sub-003S6432_ses-20180627_T1w.nii.gz
adni_wmh_t1	003S6606	sub-003S6606_ses-20181108_T1w.nii.gz
adni_wmh_t1	003S6678	sub-003S6678_ses-20190122_T1w.nii.gz
adni_wmh_t1	003S6833	sub-003S6833_ses-20191107_T1w.nii.gz
adni_wmh_t1	003S6954	sub-003S6954_ses-20210526_T1w.nii.gz
adni_wmh_t1	003S6959	sub-003S6959_ses-20210616_T1w.nii.gz
adni_wmh_t1	005S10240	sub-005S10240_ses-20240919_T1w.nii.gz
adni_wmh_t1	005S6093	sub-005S6093_ses-20171027_T1w.nii.gz
adni_wmh_t1	005S6427	sub-005S6427_ses-20180625_T1w.nii.gz
adni_wmh_t1	006S0731	sub-006S0731_ses-20170918_T1w.nii.gz
adni_wmh_t1	006S4485	sub-006S4485_ses-20191001_T1w.nii.gz
adni_wmh_t1	006S4713	sub-006S4713_ses-20191118_T1w.nii.gz
adni_wmh_t1	006S6234	sub-006S6234_ses-20180219_T1w.nii.gz
adni_wmh_t1	006S6277	sub-006S6277_ses-20180328_T1w.nii.gz
adni_wmh_t1	006S6500	sub-006S6500_ses-20180730_T1w.nii.gz
adni_wmh_t1	006S6674	sub-006S6674_ses-20190403_T1w.nii.gz
adni_wmh_t1	006S6689	sub-006S6689_ses-20190227_T1w.nii.gz
adni_wmh_t1	006S6727	sub-006S6727_ses-20190507_T1w.nii.gz
adni_wmh_t1	007S2394	sub-007S2394_ses-20170814_T1w.nii.gz
adni_wmh_t1	007S4387	sub-007S4387_ses-20171101_T1w.nii.gz
adni_wmh_t1	007S4637	sub-007S4637_ses-20171010_T1w.nii.gz
adni_wmh_t1	007S6310	sub-007S6310_ses-20180409_T1w.nii.gz
adni_wmh_t1	007S6515	sub-007S6515_ses-20180716_T1w.nii.gz
adni_wmh_t1	009S0751	sub-009S0751_ses-20170718_T1w.nii.gz
adni_wmh_t1	011S10483	sub-011S10483_ses-20250416_T1w.nii.gz
adni_wmh_t1	011S4105	sub-011S4105_ses-20171010_T1w.nii.gz
adni_wmh_t1	011S4278	sub-011S4278_ses-20171130_T1w.nii.gz
adni_wmh_t1	011S4827	sub-011S4827_ses-20170831_T1w.nii.gz
adni_wmh_t1	011S4893	sub-011S4893_ses-20171108_T1w.nii.gz
adni_wmh_t1	011S7028	sub-011S7028_ses-20220311_T1w.nii.gz
adni_wmh_t1	012S10312	sub-012S10312_ses-20241223_T1w.nii.gz
adni_wmh_t1	012S4188	sub-012S4188_ses-20170911_run-01_T1w.nii.gz
adni_wmh_t1	012S5157	sub-012S5157_ses-20190115_T1w.nii.gz
adni_wmh_t1	012S6760	sub-012S6760_ses-20190626_T1w.nii.gz
adni_wmh_t1	013S7097	sub-013S7097_ses-20220928_run-02_T1w.nii.gz
adni_wmh_t1	014S4401	sub-014S4401_ses-20170921_run-01_T1w.nii.gz
adni_wmh_t1	014S4576	sub-014S4576_ses-20170901_run-01_T1w.nii.gz
adni_wmh_t1	014S6076	sub-014S6076_ses-20170922_run-01_T1w.nii.gz
adni_wmh_t1	014S6145	sub-014S6145_ses-20171218_run-01_T1w.nii.gz
adni_wmh_t1	014S6148	sub-014S6148_ses-20171222_run-01_T1w.nii.gz
adni_wmh_t1	014S6199	sub-014S6199_ses-20180221_run-02_T1w.nii.gz
adni_wmh_t1	014S6366	sub-014S6366_ses-20180524_run-02_T1w.nii.gz
adni_wmh_t1	014S6437	sub-014S6437_ses-20180821_run-01_T1w.nii.gz
adni_wmh_t1	014S6522	sub-014S6522_ses-20180817_run-02_T1w.nii.gz
adni_wmh_t1	014S6831	sub-014S6831_ses-20191107_run-01_T1w.nii.gz
adni_wmh_t1	014S6935	sub-014S6935_ses-20210506_run-01_T1w.nii.gz
adni_wmh_t1	014S6988	sub-014S6988_ses-20210817_run-02_T1w.nii.gz
adni_wmh_t1	014S7080	sub-014S7080_ses-20220617_run-01_T1w.nii.gz
adni_wmh_t1	016S10189	sub-016S10189_ses-20240808_T1w.nii.gz
adni_wmh_t1	016S10429	sub-016S10429_ses-20250115_T1w.nii.gz
adni_wmh_t1	016S4951	sub-016S4951_ses-20170214_T1w.nii.gz
adni_wmh_t1	016S6381	sub-016S6381_ses-20180517_T1w.nii.gz
adni_wmh_t1	016S6834	sub-016S6834_ses-20191111_T1w.nii.gz
adni_wmh_t1	016S6926	sub-016S6926_ses-20210405_T1w.nii.gz
adni_wmh_t1	016S6931	sub-016S6931_ses-20210416_T1w.nii.gz
adni_wmh_t1	016S6939	sub-016S6939_ses-20210506_T1w.nii.gz
adni_wmh_t1	016S7014	sub-016S7014_ses-20211130_T1w.nii.gz
adni_wmh_t1	016S7039	sub-016S7039_ses-20220120_T1w.nii.gz
adni_wmh_t1	018S2133	sub-018S2133_ses-20180110_T1w.nii.gz
adni_wmh_t1	018S4868	sub-018S4868_ses-20170914_T1w.nii.gz
adni_wmh_t1	018S6351	sub-018S6351_ses-20180510_T1w.nii.gz
adni_wmh_t1	019S4293	sub-019S4293_ses-20170608_T1w.nii.gz
adni_wmh_t1	019S4835	sub-019S4835_ses-20180710_T1w.nii.gz
adni_wmh_t1	019S6186	sub-019S6186_ses-20180129_T1w.nii.gz
adni_wmh_t1	019S6315	sub-019S6315_ses-20180425_T1w.nii.gz
adni_wmh_t1	020S5203	sub-020S5203_ses-20171213_T1w.nii.gz
adni_wmh_t1	020S6185	sub-020S6185_ses-20180125_T1w.nii.gz
adni_wmh_t1	020S6282	sub-020S6282_ses-20180409_T1w.nii.gz
adni_wmh_t1	020S6449	sub-020S6449_ses-20180706_T1w.nii.gz
adni_wmh_t1	020S6513	sub-020S6513_ses-20180731_T1w.nii.gz
adni_wmh_t1	020S6566	sub-020S6566_ses-20180830_T1w.nii.gz
adni_wmh_t1	020S6901	sub-020S6901_ses-20210216_T1w.nii.gz
adni_wmh_t1	021S0178	sub-021S0178_ses-20170426_T1w.nii.gz
adni_wmh_t1	021S0337	sub-021S0337_ses-20170531_T1w.nii.gz
adni_wmh_t1	021S0626	sub-021S0626_ses-20170412_T1w.nii.gz
adni_wmh_t1	021S4744	sub-021S4744_ses-20170713_T1w.nii.gz
adni_wmh_t1	021S5177	sub-021S5177_ses-20170627_T1w.nii.gz
adni_wmh_t1	021S6312	sub-021S6312_ses-20180419_T1w.nii.gz
adni_wmh_t1	021S7062	sub-021S7062_ses-20220329_T1w.nii.gz
adni_wmh_t1	021S7092	sub-021S7092_ses-20220629_T1w.nii.gz
adni_wmh_t1	022S10143	sub-022S10143_ses-20240702_T1w.nii.gz
adni_wmh_t1	022S10181	sub-022S10181_ses-20240819_T1w.nii.gz
adni_wmh_t1	022S10256	sub-022S10256_ses-20240314_T1w.nii.gz
adni_wmh_t1	022S10306	sub-022S10306_ses-20250117_T1w.nii.gz
adni_wmh_t1	022S10481	sub-022S10481_ses-20250327_T1w.nii.gz
adni_wmh_t1	022S2379	sub-022S2379_ses-20170503_run-01_T1w.nii.gz
adni_wmh_t1	022S5004	sub-022S5004_ses-20170321_run-01_T1w.nii.gz
adni_wmh_t1	022S6013	sub-022S6013_ses-20170426_run-02_T1w.nii.gz
adni_wmh_t1	022S6716	sub-022S6716_ses-20190507_run-01_T1w.nii.gz
adni_wmh_t1	022S6796	sub-022S6796_ses-20190903_T1w.nii.gz
adni_wmh_t1	022S6797	sub-022S6797_ses-20190828_T1w.nii.gz
adni_wmh_t1	022S6822	sub-022S6822_ses-20191003_T1w.nii.gz
adni_wmh_t1	022S6847	sub-022S6847_ses-20200129_T1w.nii.gz
adni_wmh_t1	022S6863	sub-022S6863_ses-20200820_T1w.nii.gz
adni_wmh_t1	023S10094	sub-023S10094_ses-20240403_T1w.nii.gz
adni_wmh_t1	023S2068	sub-023S2068_ses-20171215_T1w.nii.gz
adni_wmh_t1	023S6334	sub-023S6334_ses-20180504_T1w.nii.gz
adni_wmh_t1	023S6399	sub-023S6399_ses-20180530_T1w.nii.gz
adni_wmh_t1	023S6661	sub-023S6661_ses-20190107_T1w.nii.gz
adni_wmh_t1	024S4674	sub-024S4674_ses-20170728_T1w.nii.gz
adni_wmh_t1	024S6005	sub-024S6005_ses-20170309_T1w.nii.gz
adni_wmh_t1	024S6472	sub-024S6472_ses-20180702_T1w.nii.gz
adni_wmh_t1	024S7025	sub-024S7025_ses-20211111_T1w.nii.gz
adni_wmh_t1	027S0074	sub-027S0074_ses-20190124_T1w.nii.gz
adni_wmh_t1	027S10316	sub-027S10316_ses-20241031_T1w.nii.gz
adni_wmh_t1	027S10362	sub-027S10362_ses-20241209_T1w.nii.gz
adni_wmh_t1	027S10438	sub-027S10438_ses-20250130_T1w.nii.gz
adni_wmh_t1	027S10494	sub-027S10494_ses-20250331_T1w.nii.gz
adni_wmh_t1	027S10711	sub-027S10711_ses-20250515_T1w.nii.gz
adni_wmh_t1	027S2219	sub-027S2219_ses-20170419_T1w.nii.gz
adni_wmh_t1	027S6002	sub-027S6002_ses-20170123_T1w.nii.gz
adni_wmh_t1	027S6317	sub-027S6317_ses-20180511_T1w.nii.gz
adni_wmh_t1	027S6370	sub-027S6370_ses-20180706_T1w.nii.gz
adni_wmh_t1	027S6582	sub-027S6582_ses-20181009_T1w.nii.gz
adni_wmh_t1	027S6648	sub-027S6648_ses-20190102_T1w.nii.gz
adni_wmh_t1	027S6788	sub-027S6788_ses-20190805_T1w.nii.gz
adni_wmh_t1	027S6842	sub-027S6842_ses-20200131_T1w.nii.gz
adni_wmh_t1	027S6961	sub-027S6961_ses-20210615_T1w.nii.gz
adni_wmh_t1	027S7024	sub-027S7024_ses-20211104_T1w.nii.gz
adni_wmh_t1	029S10197	sub-029S10197_ses-20240830_T1w.nii.gz
adni_wmh_t1	029S10478	sub-029S10478_ses-20250217_T1w.nii.gz
adni_wmh_t1	029S4290	sub-029S4290_ses-20180612_T1w.nii.gz
adni_wmh_t1	029S5219	sub-029S5219_ses-20190314_T1w.nii.gz
adni_wmh_t1	029S6726	sub-029S6726_ses-20190613_T1w.nii.gz
adni_wmh_t1	031S0618	sub-031S0618_ses-20190920_T1w.nii.gz
adni_wmh_t1	031S10758	sub-031S10758_ses-20250528_T1w.nii.gz
adni_wmh_t1	031S2233	sub-031S2233_ses-20190221_T1w.nii.gz
adni_wmh_t1	031S4721	sub-031S4721_ses-20181214_T1w.nii.gz
adni_wmh_t1	032S0677	sub-032S0677_ses-20170720_T1w.nii.gz
adni_wmh_t1	032S4277	sub-032S4277_ses-20170802_run-01_T1w.nii.gz
adni_wmh_t1	032S4429	sub-032S4429_ses-20171211_T1w.nii.gz
adni_wmh_t1	032S6055	sub-032S6055_ses-20170724_run-01_T1w.nii.gz
adni_wmh_t1	032S6211	sub-032S6211_ses-20180319_T1w.nii.gz
adni_wmh_t1	032S6279	sub-032S6279_ses-20180404_T1w.nii.gz
adni_wmh_t1	032S6294	sub-032S6294_ses-20180503_T1w.nii.gz
adni_wmh_t1	032S6602	sub-032S6602_ses-20181011_T1w.nii.gz
adni_wmh_t1	032S6700	sub-032S6700_ses-20190415_T1w.nii.gz
adni_wmh_t1	032S6701	sub-032S6701_ses-20190415_T1w.nii.gz
adni_wmh_t1	032S6717	sub-032S6717_ses-20190423_T1w.nii.gz
adni_wmh_t1	032S6728	sub-032S6728_ses-20190607_T1w.nii.gz
adni_wmh_t1	033S10016	sub-033S10016_ses-20231016_T1w.nii.gz
adni_wmh_t1	033S10021	sub-033S10021_ses-20241108_T1w.nii.gz
adni_wmh_t1	033S10144	sub-033S10144_ses-20240705_T1w.nii.gz
adni_wmh_t1	033S10147	sub-033S10147_ses-20240715_T1w.nii.gz
adni_wmh_t1	033S1016	sub-033S1016_ses-20171206_T1w.nii.gz
adni_wmh_t1	033S10215	sub-033S10215_ses-20240829_T1w.nii.gz
adni_wmh_t1	033S10693	sub-033S10693_ses-20250502_T1w.nii.gz
adni_wmh_t1	033S1098	sub-033S1098_ses-20171204_T1w.nii.gz
adni_wmh_t1	033S4176	sub-033S4176_ses-20180118_T1w.nii.gz
adni_wmh_t1	033S4177	sub-033S4177_ses-20180123_T1w.nii.gz
adni_wmh_t1	033S6266	sub-033S6266_ses-20180309_T1w.nii.gz
adni_wmh_t1	033S6298	sub-033S6298_ses-20180412_T1w.nii.gz
adni_wmh_t1	033S6497	sub-033S6497_ses-20180716_T1w.nii.gz
adni_wmh_t1	033S6705	sub-033S6705_ses-20190326_T1w.nii.gz
adni_wmh_t1	033S6824	sub-033S6824_ses-20191001_T1w.nii.gz
adni_wmh_t1	033S6889	sub-033S6889_ses-20200929_T1w.nii.gz
adni_wmh_t1	033S6976	sub-033S6976_ses-20210702_T1w.nii.gz
adni_wmh_t1	033S7066	sub-033S7066_ses-20220418_T1w.nii.gz
adni_wmh_t1	033S7079	sub-033S7079_ses-20220601_T1w.nii.gz
adni_wmh_t1	035S0156	sub-035S0156_ses-20171019_T1w.nii.gz
adni_wmh_t1	035S10031	sub-035S10031_ses-20240111_T1w.nii.gz
adni_wmh_t1	035S10053	sub-035S10053_ses-20240215_T1w.nii.gz
adni_wmh_t1	035S10067	sub-035S10067_ses-20240311_T1w.nii.gz
adni_wmh_t1	035S10274	sub-035S10274_ses-20241014_T1w.nii.gz
adni_wmh_t1	035S10455	sub-035S10455_ses-20250129_T1w.nii.gz
adni_wmh_t1	035S6156	sub-035S6156_ses-20171220_T1w.nii.gz
adni_wmh_t1	035S6160	sub-035S6160_ses-20180105_T1w.nii.gz
adni_wmh_t1	035S6200	sub-035S6200_ses-20180209_T1w.nii.gz
adni_wmh_t1	035S6380	sub-035S6380_ses-20180606_T1w.nii.gz
adni_wmh_t1	035S6480	sub-035S6480_ses-20180705_T1w.nii.gz
adni_wmh_t1	035S6660	sub-035S6660_ses-20190204_T1w.nii.gz
adni_wmh_t1	035S6722	sub-035S6722_ses-20190425_T1w.nii.gz
adni_wmh_t1	035S6730	sub-035S6730_ses-20190618_T1w.nii.gz
adni_wmh_t1	035S7050	sub-035S7050_ses-20240614_T1w.nii.gz
adni_wmh_t1	036S4430	sub-036S4430_ses-20171107_T1w.nii.gz
adni_wmh_t1	036S4538	sub-036S4538_ses-20171031_T1w.nii.gz
adni_wmh_t1	036S4715	sub-036S4715_ses-20171010_T1w.nii.gz
adni_wmh_t1	036S6088	sub-036S6088_ses-20171012_T1w.nii.gz
adni_wmh_t1	036S6099	sub-036S6099_ses-20171025_T1w.nii.gz
adni_wmh_t1	036S6179	sub-036S6179_ses-20180123_T1w.nii.gz
adni_wmh_t1	036S6231	sub-036S6231_ses-20180305_T1w.nii.gz
adni_wmh_t1	036S6885	sub-036S6885_ses-20200911_T1w.nii.gz
adni_wmh_t1	036S6887	sub-036S6887_ses-20200925_T1w.nii.gz
adni_wmh_t1	036S6894	sub-036S6894_ses-20201118_T1w.nii.gz
adni_wmh_t1	036S7067	sub-036S7067_ses-20220418_T1w.nii.gz
adni_wmh_t1	037S0150	sub-037S0150_ses-20170905_run-01_T1w.nii.gz
adni_wmh_t1	037S10063	sub-037S10063_ses-20240410_T1w.nii.gz
adni_wmh_t1	037S10116	sub-037S10116_ses-20241009_T1w.nii.gz
adni_wmh_t1	037S10225	sub-037S10225_ses-20241120_T1w.nii.gz
adni_wmh_t1	037S4028	sub-037S4028_ses-20191113_T1w.nii.gz
adni_wmh_t1	037S5126	sub-037S5126_ses-20190923_T1w.nii.gz
adni_wmh_t1	037S6031	sub-037S6031_ses-20170703_T1w.nii.gz
adni_wmh_t1	037S6046	sub-037S6046_ses-20170717_T1w.nii.gz
adni_wmh_t1	037S6115	sub-037S6115_ses-20171130_T1w.nii.gz
adni_wmh_t1	037S6144	sub-037S6144_ses-20171212_T1w.nii.gz
adni_wmh_t1	037S6187	sub-037S6187_ses-20180314_T1w.nii.gz
adni_wmh_t1	037S6222	sub-037S6222_ses-20180530_T1w.nii.gz
adni_wmh_t1	037S6230	sub-037S6230_ses-20180601_T1w.nii.gz
adni_wmh_t1	037S6271	sub-037S6271_ses-20180517_T1w.nii.gz
adni_wmh_t1	037S6627	sub-037S6627_ses-20181130_T1w.nii.gz
adni_wmh_t1	037S6974	sub-037S6974_ses-20210810_T1w.nii.gz
adni_wmh_t1	037S6977	sub-037S6977_ses-20210810_T1w.nii.gz
adni_wmh_t1	037S6992	sub-037S6992_ses-20211109_T1w.nii.gz
adni_wmh_t1	037S6993	sub-037S6993_ses-20210910_T1w.nii.gz
adni_wmh_t1	037S7006	sub-037S7006_ses-20211111_T1w.nii.gz
adni_wmh_t1	041S10125	sub-041S10125_ses-20240612_T1w.nii.gz
adni_wmh_t1	041S4427	sub-041S4427_ses-20171009_T1w.nii.gz
adni_wmh_t1	041S4510	sub-041S4510_ses-20171003_T1w.nii.gz
adni_wmh_t1	041S4876	sub-041S4876_ses-20170705_T1w.nii.gz
adni_wmh_t1	041S5078	sub-041S5078_ses-20170802_T1w.nii.gz
adni_wmh_t1	041S5097	sub-041S5097_ses-20180308_T1w.nii.gz
adni_wmh_t1	041S5141	sub-041S5141_ses-20170818_run-01_T1w.nii.gz
adni_wmh_t1	041S5253	sub-041S5253_ses-20171019_T1w.nii.gz
adni_wmh_t1	041S6159	sub-041S6159_ses-20180103_T1w.nii.gz
adni_wmh_t1	041S6314	sub-041S6314_ses-20180424_T1w.nii.gz
adni_wmh_t1	041S6801	sub-041S6801_ses-20190917_T1w.nii.gz
adni_wmh_t1	051S6719	sub-051S6719_ses-20190501_T1w.nii.gz
adni_wmh_t1	052S10195	sub-052S10195_ses-20240816_T1w.nii.gz
adni_wmh_t1	052S10242	sub-052S10242_ses-20240924_T1w.nii.gz
adni_wmh_t1	052S10246	sub-052S10246_ses-20240925_T1w.nii.gz
adni_wmh_t1	052S10284	sub-052S10284_ses-20241018_T1w.nii.gz
adni_wmh_t1	052S10354	sub-052S10354_ses-20241126_T1w.nii.gz
adni_wmh_t1	052S10425	sub-052S10425_ses-20250129_T1w.nii.gz
adni_wmh_t1	052S10449	sub-052S10449_ses-20250212_T1w.nii.gz
adni_wmh_t1	052S4944	sub-052S4944_ses-20180420_T1w.nii.gz
adni_wmh_t1	052S6305	sub-052S6305_ses-20180504_T1w.nii.gz
adni_wmh_t1	052S6412	sub-052S6412_ses-20180801_T1w.nii.gz
adni_wmh_t1	052S6832	sub-052S6832_ses-20191115_T1w.nii.gz
adni_wmh_t1	052S6844	sub-052S6844_ses-20200103_T1w.nii.gz
adni_wmh_t1	052S7037	sub-052S7037_ses-20220121_T1w.nii.gz
adni_wmh_t1	053S4813	sub-053S4813_ses-20181102_T1w.nii.gz
adni_wmh_t1	053S6598	sub-053S6598_ses-20181011_T1w.nii.gz
adni_wmh_t1	053S6861	sub-053S6861_ses-20200310_T1w.nii.gz
adni_wmh_t1	053S7086	sub-053S7086_ses-20220613_T1w.nii.gz
adni_wmh_t1	057S5292	sub-057S5292_ses-20180912_T1w.nii.gz
adni_wmh_t1	067S10475	sub-067S10475_ses-20250225_T1w.nii.gz
adni_wmh_t1	067S4072	sub-067S4072_ses-20170825_T1w.nii.gz
adni_wmh_t1	067S4782	sub-067S4782_ses-20170829_T1w.nii.gz
adni_wmh_t1	067S6045	sub-067S6045_ses-20170713_T1w.nii.gz
adni_wmh_t1	067S6117	sub-067S6117_ses-20171121_T1w.nii.gz
adni_wmh_t1	067S6138	sub-067S6138_ses-20180608_T1w.nii.gz
adni_wmh_t1	067S6518	sub-067S6518_ses-20180809_T1w.nii.gz
adni_wmh_t1	067S6528	sub-067S6528_ses-20180808_T1w.nii.gz
adni_wmh_t1	067S6958	sub-067S6958_ses-20210716_T1w.nii.gz
adni_wmh_t1	067S7020	sub-067S7020_ses-20211022_T1w.nii.gz
adni_wmh_t1	067S7063	sub-067S7063_ses-20220413_T1w.nii.gz
adni_wmh_t1	068S4424	sub-068S4424_ses-20170818_T1w.nii.gz
adni_wmh_t1	070S4856	sub-070S4856_ses-20180410_run-01_T1w.nii.gz
adni_wmh_t1	070S5040	sub-070S5040_ses-20180504_run-01_T1w.nii.gz
adni_wmh_t1	070S6191	sub-070S6191_ses-20180130_run-01_T1w.nii.gz
adni_wmh_t1	070S6386	sub-070S6386_ses-20180607_run-01_T1w.nii.gz
adni_wmh_t1	070S6542	sub-070S6542_ses-20180806_run-02_T1w.nii.gz
adni_wmh_t1	070S6886	sub-070S6886_ses-20200909_run-02_T1w.nii.gz
adni_wmh_t1	070S7078	sub-070S7078_ses-20220615_run-03_T1w.nii.gz
adni_wmh_t1	073S10054	sub-073S10054_ses-20240222_T1w.nii.gz
adni_wmh_t1	073S10074	sub-073S10074_ses-20240517_T1w.nii.gz
adni_wmh_t1	073S10084	sub-073S10084_ses-20240404_T1w.nii.gz
adni_wmh_t1	073S10088	sub-073S10088_ses-20240514_T1w.nii.gz
adni_wmh_t1	073S10167	sub-073S10167_ses-20240722_T1w.nii.gz
adni_wmh_t1	073S2191	sub-073S2191_ses-20200124_T1w.nii.gz
adni_wmh_t1	073S4216	sub-073S4216_ses-20200127_T1w.nii.gz
adni_wmh_t1	073S4393	sub-073S4393_ses-20200117_T1w.nii.gz
adni_wmh_t1	073S4552	sub-073S4552_ses-20200214_T1w.nii.gz
adni_wmh_t1	073S6673	sub-073S6673_ses-20210324_T1w.nii.gz
adni_wmh_t1	073S6907	sub-073S6907_ses-20210317_T1w.nii.gz
adni_wmh_t1	073S6925	sub-073S6925_ses-20210415_T1w.nii.gz
adni_wmh_t1	073S6929	sub-073S6929_ses-20210517_T1w.nii.gz
adni_wmh_t1	073S7082	sub-073S7082_ses-20220720_T1w.nii.gz
adni_wmh_t1	082S5282	sub-082S5282_ses-20180531_run-01_T1w.nii.gz
adni_wmh_t1	082S6283	sub-082S6283_ses-20180502_T1w.nii.gz
adni_wmh_t1	082S6415	sub-082S6415_ses-20180801_run-02_T1w.nii.gz
adni_wmh_t1	082S6564	sub-082S6564_ses-20180917_run-01_T1w.nii.gz
adni_wmh_t1	094S2201	sub-094S2201_ses-20171006_T1w.nii.gz
adni_wmh_t1	094S6250	sub-094S6250_ses-20180329_T1w.nii.gz
adni_wmh_t1	094S6269	sub-094S6269_ses-20180327_T1w.nii.gz
adni_wmh_t1	094S6275	sub-094S6275_ses-20180416_T1w.nii.gz
adni_wmh_t1	094S6417	sub-094S6417_ses-20180622_T1w.nii.gz
adni_wmh_t1	094S6440	sub-094S6440_ses-20180706_T1w.nii.gz
adni_wmh_t1	094S6468	sub-094S6468_ses-20180719_T1w.nii.gz
adni_wmh_t1	094S6736	sub-094S6736_ses-20190712_T1w.nii.gz
adni_wmh_t1	098S10357	sub-098S10357_ses-20241119_T1w.nii.gz
adni_wmh_t1	098S6343	sub-098S6343_ses-20240731_T1w.nii.gz
adni_wmh_t1	098S6734	sub-098S6734_ses-20240717_T1w.nii.gz
adni_wmh_t1	099S2146	sub-099S2146_ses-20171006_T1w.nii.gz
adni_wmh_t1	099S4086	sub-099S4086_ses-20171205_T1w.nii.gz
adni_wmh_t1	099S6379	sub-099S6379_ses-20180612_T1w.nii.gz
adni_wmh_t1	100S0069	sub-100S0069_ses-20180123_T1w.nii.gz
adni_wmh_t1	100S10028	sub-100S10028_ses-20240119_run-01_T1w.nii.gz
adni_wmh_t1	100S10109	sub-100S10109_ses-20240731_run-01_T1w.nii.gz
adni_wmh_t1	100S10110	sub-100S10110_ses-20240913_run-01_T1w.nii.gz
adni_wmh_t1	100S6164	sub-100S6164_ses-20180116_T1w.nii.gz
adni_wmh_t1	100S6578	sub-100S6578_ses-20180927_T1w.nii.gz
adni_wmh_t1	100S6713	sub-100S6713_ses-20190418_T1w.nii.gz
adni_wmh_t1	109S6218	sub-109S6218_ses-20180402_run-01_T1w.nii.gz
adni_wmh_t1	109S6220	sub-109S6220_ses-20180411_run-02_T1w.nii.gz
adni_wmh_t1	109S6363	sub-109S6363_ses-20180718_run-02_T1w.nii.gz
adni_wmh_t1	109S6373	sub-109S6373_ses-20181029_run-02_T1w.nii.gz
adni_wmh_t1	114S2392	sub-114S2392_ses-20170825_T1w.nii.gz
adni_wmh_t1	114S6429	sub-114S6429_ses-20180830_T1w.nii.gz
adni_wmh_t1	114S6524	sub-114S6524_ses-20181018_T1w.nii.gz
adni_wmh_t1	114S6813	sub-114S6813_ses-20191001_T1w.nii.gz
adni_wmh_t1	116S0382	sub-116S0382_ses-20180816_run-01_T1w.nii.gz
adni_wmh_t1	116S10683	sub-116S10683_ses-20250423_T1w.nii.gz
adni_wmh_t1	116S4483	sub-116S4483_ses-20180406_run-02_T1w.nii.gz
adni_wmh_t1	116S6119	sub-116S6119_ses-20180129_run-01_T1w.nii.gz
adni_wmh_t1	116S6439	sub-116S6439_ses-20180629_run-01_T1w.nii.gz
adni_wmh_t1	116S6458	sub-116S6458_ses-20180709_run-01_T1w.nii.gz
adni_wmh_t1	116S6517	sub-116S6517_ses-20180910_run-02_T1w.nii.gz
adni_wmh_t1	116S6537	sub-116S6537_ses-20180731_run-01_T1w.nii.gz
adni_wmh_t1	116S6550	sub-116S6550_ses-20180808_run-02_T1w.nii.gz
adni_wmh_t1	123S0072	sub-123S0072_ses-20171024_T1w.nii.gz
adni_wmh_t1	123S1300	sub-123S1300_ses-20170626_T1w.nii.gz
adni_wmh_t1	123S4127	sub-123S4127_ses-20180928_T1w.nii.gz
adni_wmh_t1	123S6118	sub-123S6118_ses-20171106_T1w.nii.gz
adni_wmh_t1	123S6825	sub-123S6825_ses-20190924_T1w.nii.gz
adni_wmh_t1	123S6884	sub-123S6884_ses-20200902_T1w.nii.gz
adni_wmh_t1	123S6888	sub-123S6888_ses-20200929_T1w.nii.gz
adni_wmh_t1	126S4507	sub-126S4507_ses-20180528_T1w.nii.gz
adni_wmh_t1	126S4891	sub-126S4891_ses-20180727_T1w.nii.gz
adni_wmh_t1	126S5214	sub-126S5214_ses-20180712_T1w.nii.gz
adni_wmh_t1	126S5243	sub-126S5243_ses-20180823_T1w.nii.gz
adni_wmh_t1	126S6724	sub-126S6724_ses-20190502_T1w.nii.gz
adni_wmh_t1	126S7060	sub-126S7060_ses-20220425_T1w.nii.gz
adni_wmh_t1	126S7083	sub-126S7083_ses-20220615_T1w.nii.gz
adni_wmh_t1	127S0259	sub-127S0259_ses-20170921_T1w.nii.gz
adni_wmh_t1	127S1427	sub-127S1427_ses-20170906_T1w.nii.gz
adni_wmh_t1	127S4148	sub-127S4148_ses-20170718_T1w.nii.gz
adni_wmh_t1	127S4198	sub-127S4198_ses-20171002_run-01_T1w.nii.gz
adni_wmh_t1	127S4210	sub-127S4210_ses-20170918_T1w.nii.gz
adni_wmh_t1	127S4301	sub-127S4301_ses-20171025_T1w.nii.gz
adni_wmh_t1	127S4928	sub-127S4928_ses-20170828_T1w.nii.gz
adni_wmh_t1	127S5132	sub-127S5132_ses-20170518_T1w.nii.gz
adni_wmh_t1	127S5228	sub-127S5228_ses-20171023_T1w.nii.gz
adni_wmh_t1	127S6147	sub-127S6147_ses-20180213_T1w.nii.gz
adni_wmh_t1	127S6173	sub-127S6173_ses-20180205_T1w.nii.gz
adni_wmh_t1	127S6232	sub-127S6232_ses-20180330_T1w.nii.gz
adni_wmh_t1	127S6348	sub-127S6348_ses-20180726_T1w.nii.gz
adni_wmh_t1	127S6433	sub-127S6433_ses-20180801_T1w.nii.gz
adni_wmh_t1	127S6436	sub-127S6436_ses-20180716_run-01_T1w.nii.gz
adni_wmh_t1	127S6512	sub-127S6512_ses-20180824_T1w.nii.gz
adni_wmh_t1	128S0200	sub-128S0200_ses-20181109_T1w.nii.gz
adni_wmh_t1	128S0205	sub-128S0205_ses-20180717_T1w.nii.gz
adni_wmh_t1	128S2036	sub-128S2036_ses-20200110_T1w.nii.gz
adni_wmh_t1	128S2220	sub-128S2220_ses-20180716_T1w.nii.gz
adni_wmh_t1	129S4396	sub-129S4396_ses-20171215_T1w.nii.gz
adni_wmh_t1	129S6082	sub-129S6082_ses-20171003_T1w.nii.gz
adni_wmh_t1	129S6704	sub-129S6704_ses-20190329_T1w.nii.gz
adni_wmh_t1	129S6830	sub-129S6830_ses-20191028_T1w.nii.gz
adni_wmh_t1	129S6848	sub-129S6848_ses-20200124_run-01_T1w.nii.gz
adni_wmh_t1	129S6857	sub-129S6857_ses-20200221_run-01_T1w.nii.gz
adni_wmh_t1	130S0969	sub-130S0969_ses-20170522_T1w.nii.gz
adni_wmh_t1	130S10192	sub-130S10192_ses-20240822_run-01_T1w.nii.gz
adni_wmh_t1	130S4294	sub-130S4294_ses-20171031_run-01_T1w.nii.gz
adni_wmh_t1	130S4343	sub-130S4343_ses-20170509_T1w.nii.gz
adni_wmh_t1	130S4417	sub-130S4417_ses-20170811_T1w.nii.gz
adni_wmh_t1	130S5175	sub-130S5175_ses-20170608_T1w.nii.gz
adni_wmh_t1	130S5258	sub-130S5258_ses-20190618_T1w.nii.gz
adni_wmh_t1	130S6019	sub-130S6019_ses-20170524_T1w.nii.gz
adni_wmh_t1	130S6027	sub-130S6027_ses-20171013_run-01_T1w.nii.gz
adni_wmh_t1	130S6043	sub-130S6043_ses-20170706_T1w.nii.gz
adni_wmh_t1	130S6047	sub-130S6047_ses-20170727_T1w.nii.gz
adni_wmh_t1	130S6072	sub-130S6072_ses-20170825_run-01_T1w.nii.gz
adni_wmh_t1	130S6111	sub-130S6111_ses-20171113_T1w.nii.gz
adni_wmh_t1	130S6319	sub-130S6319_ses-20180427_T1w.nii.gz
adni_wmh_t1	130S6390	sub-130S6390_ses-20180613_T1w.nii.gz
adni_wmh_t1	130S6391	sub-130S6391_ses-20180613_T1w.nii.gz
adni_wmh_t1	130S6558	sub-130S6558_ses-20180924_T1w.nii.gz
adni_wmh_t1	130S6604	sub-130S6604_ses-20181012_T1w.nii.gz
adni_wmh_t1	130S6647	sub-130S6647_ses-20181214_T1w.nii.gz
adni_wmh_t1	130S6823	sub-130S6823_ses-20191001_T1w.nii.gz
adni_wmh_t1	131S6143	sub-131S6143_ses-20180315_T1w.nii.gz
adni_wmh_t1	135S10332	sub-135S10332_ses-20241120_T1w.nii.gz
adni_wmh_t1	135S4489	sub-135S4489_ses-20170606_T1w.nii.gz
adni_wmh_t1	135S4722	sub-135S4722_ses-20170622_T1w.nii.gz
adni_wmh_t1	135S6110	sub-135S6110_ses-20171115_T1w.nii.gz
adni_wmh_t1	135S6359	sub-135S6359_ses-20180510_T1w.nii.gz
adni_wmh_t1	135S6389	sub-135S6389_ses-20180529_T1w.nii.gz
adni_wmh_t1	135S6446	sub-135S6446_ses-20180621_T1w.nii.gz
adni_wmh_t1	135S6473	sub-135S6473_ses-20180629_T1w.nii.gz
adni_wmh_t1	135S6509	sub-135S6509_ses-20180716_T1w.nii.gz
adni_wmh_t1	135S6510	sub-135S6510_ses-20180719_T1w.nii.gz
adni_wmh_t1	135S6544	sub-135S6544_ses-20180810_T1w.nii.gz
adni_wmh_t1	135S6622	sub-135S6622_ses-20181102_T1w.nii.gz
adni_wmh_t1	135S6840	sub-135S6840_ses-20191205_T1w.nii.gz
adni_wmh_t1	137S10058	sub-137S10058_ses-20241008_T1w.nii.gz
adni_wmh_t1	137S10285	sub-137S10285_ses-20241104_T1w.nii.gz
adni_wmh_t1	137S4351	sub-137S4351_ses-20171031_T1w.nii.gz
adni_wmh_t1	137S4466	sub-137S4466_ses-20171205_T1w.nii.gz
adni_wmh_t1	137S4520	sub-137S4520_ses-20171108_T1w.nii.gz
adni_wmh_t1	137S6557	sub-137S6557_ses-20180828_T1w.nii.gz
adni_wmh_t1	137S6685	sub-137S6685_ses-20190401_T1w.nii.gz
adni_wmh_t1	137S6883	sub-137S6883_ses-20201028_T1w.nii.gz
adni_wmh_t1	137S6903	sub-137S6903_ses-20210618_T1w.nii.gz
adni_wmh_t1	137S6906	sub-137S6906_ses-20210614_T1w.nii.gz
adni_wmh_t1	141S0767	sub-141S0767_ses-20170429_run-02_T1w.nii.gz
adni_wmh_t1	141S1378	sub-141S1378_ses-20170603_run-02_T1w.nii.gz
adni_wmh_t1	141S6041	sub-141S6041_ses-20170706_run-02_T1w.nii.gz
adni_wmh_t1	141S6061	sub-141S6061_ses-20170813_run-02_T1w.nii.gz
adni_wmh_t1	141S6240	sub-141S6240_ses-20180311_run-01_T1w.nii.gz
adni_wmh_t1	141S6253	sub-141S6253_ses-20180318_run-01_T1w.nii.gz
adni_wmh_t1	141S6416	sub-141S6416_ses-20180630_T1w.nii.gz
adni_wmh_t1	141S6779	sub-141S6779_ses-20201027_run-02_T1w.nii.gz
adni_wmh_t1	141S6872	sub-141S6872_ses-20200723_run-01_T1w.nii.gz
adni_wmh_t1	141S7013	sub-141S7013_ses-20211028_run-02_T1w.nii.gz
adni_wmh_t1	153S6274	sub-153S6274_ses-20180322_T1w.nii.gz
adni_wmh_t1	153S6336	sub-153S6336_ses-20180503_T1w.nii.gz
adni_wmh_t1	153S6665	sub-153S6665_ses-20190108_T1w.nii.gz
adni_wmh_t1	168S6049	sub-168S6049_ses-20171011_T1w.nii.gz
adni_wmh_t1	168S6051	sub-168S6051_ses-20170713_T1w.nii.gz
adni_wmh_t1	168S6062	sub-168S6062_ses-20170817_T1w.nii.gz
adni_wmh_t1	168S6064	sub-168S6064_ses-20170824_T1w.nii.gz
adni_wmh_t1	168S6065	sub-168S6065_ses-20170905_T1w.nii.gz
adni_wmh_t1	168S6086	sub-168S6086_ses-20171013_T1w.nii.gz
adni_wmh_t1	168S6107	sub-168S6107_ses-20171113_T1w.nii.gz
adni_wmh_t1	168S6108	sub-168S6108_ses-20171113_T1w.nii.gz
adni_wmh_t1	168S6121	sub-168S6121_ses-20171212_T1w.nii.gz
adni_wmh_t1	168S6151	sub-168S6151_ses-20171219_T1w.nii.gz
adni_wmh_t1	168S6233	sub-168S6233_ses-20180226_T1w.nii.gz
adni_wmh_t1	168S6281	sub-168S6281_ses-20180409_T1w.nii.gz
adni_wmh_t1	168S6371	sub-168S6371_ses-20180516_run-01_T1w.nii.gz
adni_wmh_t1	168S6413	sub-168S6413_ses-20180611_T1w.nii.gz
adni_wmh_t1	168S6467	sub-168S6467_ses-20180705_T1w.nii.gz
adni_wmh_t1	168S6591	sub-168S6591_ses-20181001_T1w.nii.gz
adni_wmh_t1	168S6619	sub-168S6619_ses-20181105_T1w.nii.gz
adni_wmh_t1	168S6735	sub-168S6735_ses-20190607_run-01_T1w.nii.gz
adni_wmh_t1	168S6754	sub-168S6754_ses-20190627_T1w.nii.gz
adni_wmh_t1	168S6828	sub-168S6828_ses-20191014_T1w.nii.gz
adni_wmh_t1	168S6843	sub-168S6843_ses-20200114_T1w.nii.gz
adni_wmh_t1	168S6860	sub-168S6860_ses-20200305_T1w.nii.gz
adni_wmh_t1	168S6873	sub-168S6873_ses-20200617_T1w.nii.gz
adni_wmh_t1	168S6875	sub-168S6875_ses-20200629_T1w.nii.gz
adni_wmh_t1	168S6902	sub-168S6902_ses-20210204_T1w.nii.gz
adni_wmh_t1	168S6938	sub-168S6938_ses-20210518_T1w.nii.gz
adni_wmh_t1	177S6420	sub-177S6420_ses-20180625_T1w.nii.gz
adni_wmh_t1	301S10139	sub-301S10139_ses-20240612_run-01_T1w.nii.gz
adni_wmh_t1	301S10247	sub-301S10247_ses-20240910_run-01_T1w.nii.gz
adni_wmh_t1	301S10389	sub-301S10389_ses-20241202_run-01_T1w.nii.gz
adni_wmh_t1	301S6326	sub-301S6326_ses-20180426_T1w.nii.gz
adni_wmh_t1	301S6508	sub-301S6508_ses-20180807_T1w.nii.gz
adni_wmh_t1	301S6592	sub-301S6592_ses-20181023_T1w.nii.gz
adni_wmh_t1	301S6615	sub-301S6615_ses-20181024_T1w.nii.gz
adni_wmh_t1	305S10404	sub-305S10404_ses-20241218_T1w.nii.gz
adni_wmh_t1	305S6378	sub-305S6378_ses-20180519_T1w.nii.gz
adni_wmh_t1	305S6498	sub-305S6498_ses-20180709_T1w.nii.gz
adni_wmh_t1	305S6742	sub-305S6742_ses-20190622_T1w.nii.gz
adni_wmh_t1	305S6744	sub-305S6744_ses-20190629_T1w.nii.gz
adni_wmh_t1	305S6845	sub-305S6845_ses-20200104_T1w.nii.gz
adni_wmh_t1	305S6871	sub-305S6871_ses-20200521_T1w.nii.gz
adni_wmh_t1	305S6899	sub-305S6899_ses-20210203_T1w.nii.gz
adni_wmh_t1	341S6494	sub-341S6494_ses-20180723_T1w.nii.gz
adni_wmh_t1	341S6686	sub-341S6686_ses-20190220_T1w.nii.gz
adni_wmh_t1	389S10070	sub-389S10070_ses-20240325_T1w.nii.gz
adni_wmh_t1	389S10076	sub-389S10076_ses-20240419_T1w.nii.gz
adni_wmh_t1	389S10251	sub-389S10251_ses-20241112_T1w.nii.gz
adni_wmh_t1	405S10397	sub-405S10397_ses-20241212_run-01_T1w.nii.gz
adni_wmh_t1	941S10003	sub-941S10003_ses-20230825_T1w.nii.gz
adni_wmh_t1	941S10011	sub-941S10011_ses-20241022_T1w.nii.gz
adni_wmh_t1	941S10015	sub-941S10015_ses-20230929_T1w.nii.gz
adni_wmh_t1	941S10023	sub-941S10023_ses-20231129_T1w.nii.gz
adni_wmh_t1	941S10024	sub-941S10024_ses-20231222_T1w.nii.gz
adni_wmh_t1	941S4100	sub-941S4100_ses-20171027_T1w.nii.gz
adni_wmh_t1	941S4292	sub-941S4292_ses-20170821_T1w.nii.gz
adni_wmh_t1	941S5124	sub-941S5124_ses-20180126_T1w.nii.gz
adni_wmh_t1	941S5193	sub-941S5193_ses-20170609_T1w.nii.gz
adni_wmh_t1	941S6044	sub-941S6044_ses-20170710_T1w.nii.gz
adni_wmh_t1	941S6068	sub-941S6068_ses-20170821_T1w.nii.gz
adni_wmh_t1	941S6080	sub-941S6080_ses-20170929_T1w.nii.gz
adni_wmh_t1	941S6094	sub-941S6094_ses-20171023_T1w.nii.gz
adni_wmh_t1	941S6333	sub-941S6333_ses-20180501_T1w.nii.gz
adni_wmh_t1	941S6392	sub-941S6392_ses-20180530_T1w.nii.gz
adni_wmh_t1	941S6514	sub-941S6514_ses-20180724_T1w.nii.gz
adni_wmh_t1	941S6546	sub-941S6546_ses-20180808_T1w.nii.gz
adni_wmh_t1	941S6570	sub-941S6570_ses-20180831_T1w.nii.gz
adni_wmh_t1	941S6854	sub-941S6854_ses-20200214_T1w.nii.gz
adni_wmh_t1	941S7041	sub-941S7041_ses-20220214_T1w.nii.gz
adni_wmh_t1	941S7085	sub-941S7085_ses-20220701_T1w.nii.gz
adni_wmh_t1	941S7106	sub-941S7106_ses-20220909_T1w.nii.gz
adni_hippocampus	002S4219	sub-002S4219_ses-20110914_run-01_T1w.nii.gz
adni_hippocampus	002S4251	sub-002S4251_ses-20110926_run-01_T1w.nii.gz
adni_hippocampus	002S4262	sub-002S4262_ses-20111005_run-01_T1w.nii.gz
adni_hippocampus	002S4799	sub-002S4799_ses-20120621_run-01_T1w.nii.gz
adni_hippocampus	002S6007	sub-002S6007_ses-20170331_T1w.nii.gz
adni_hippocampus	003S10622	sub-003S10622_ses-20250326_T1w.nii.gz
adni_hippocampus	003S4136	sub-003S4136_ses-20120105_run-01_T1w.nii.gz
adni_hippocampus	003S4142	sub-003S4142_ses-20110831_run-01_T1w.nii.gz
adni_hippocampus	003S4152	sub-003S4152_ses-20110830_run-01_T1w.nii.gz
adni_hippocampus	003S4288	sub-003S4288_ses-20111020_run-01_T1w.nii.gz
adni_hippocampus	003S4350	sub-003S4350_ses-20111109_run-01_T1w.nii.gz
adni_hippocampus	003S4373	sub-003S4373_ses-20111215_run-01_T1w.nii.gz
adni_hippocampus	003S4644	sub-003S4644_ses-20120419_run-01_T1w.nii.gz
adni_hippocampus	003S5165	sub-003S5165_ses-20130516_run-01_T1w.nii.gz
adni_hippocampus	003S5187	sub-003S5187_ses-20130607_run-01_T1w.nii.gz
adni_hippocampus	003S6092	sub-003S6092_ses-20171208_T1w.nii.gz
adni_hippocampus	003S6479	sub-003S6479_ses-20191025_T1w.nii.gz
adni_hippocampus	003S6833	sub-003S6833_ses-20191107_T1w.nii.gz
adni_hippocampus	003S6954	sub-003S6954_ses-20210526_T1w.nii.gz
adni_hippocampus	003S6996	sub-003S6996_ses-20210823_T1w.nii.gz
adni_hippocampus	005S0602	sub-005S0602_ses-20171030_T1w.nii.gz
adni_hippocampus	005S10100	sub-005S10100_ses-20240513_T1w.nii.gz
adni_hippocampus	005S10300	sub-005S10300_ses-20250103_T1w.nii.gz
adni_hippocampus	005S4168	sub-005S4168_ses-20110817_run-01_T1w.nii.gz
adni_hippocampus	005S4910	sub-005S4910_ses-20121213_run-01_T1w.nii.gz
adni_hippocampus	005S5038	sub-005S5038_ses-20121213_run-01_T1w.nii.gz
adni_hippocampus	005S5119	sub-005S5119_ses-20130328_run-01_T1w.nii.gz
adni_hippocampus	005S6393	sub-005S6393_ses-20221014_T1w.nii.gz
adni_hippocampus	006S10504	sub-006S10504_ses-20250224_run-01_T1w.nii.gz
adni_hippocampus	006S4153	sub-006S4153_ses-20110803_run-01_T1w.nii.gz
adni_hippocampus	006S4192	sub-006S4192_ses-20110927_run-01_T1w.nii.gz
adni_hippocampus	006S4515	sub-006S4515_ses-20120207_run-01_T1w.nii.gz
adni_hippocampus	006S4867	sub-006S4867_ses-20120807_run-01_T1w.nii.gz
adni_hippocampus	006S6500	sub-006S6500_ses-20180730_T1w.nii.gz
adni_hippocampus	006S6682	sub-006S6682_ses-20190228_T1w.nii.gz
adni_hippocampus	006S6689	sub-006S6689_ses-20190227_T1w.nii.gz
adni_hippocampus	007S10075	sub-007S10075_ses-20240405_T1w.nii.gz
adni_hippocampus	007S2106	sub-007S2106_ses-20100927_run-01_T1w.nii.gz
adni_hippocampus	007S4272	sub-007S4272_ses-20111017_run-01_T1w.nii.gz
adni_hippocampus	007S4568	sub-007S4568_ses-20120301_run-01_T1w.nii.gz
adni_hippocampus	007S4911	sub-007S4911_ses-20121119_run-01_T1w.nii.gz
adni_hippocampus	009S1030	sub-009S1030_ses-20111114_run-01_T1w.nii.gz
adni_hippocampus	009S4388	sub-009S4388_ses-20111213_run-01_T1w.nii.gz
adni_hippocampus	009S4903	sub-009S4903_ses-20120911_run-01_T1w.nii.gz
adni_hippocampus	009S5000	sub-009S5000_ses-20121026_run-01_T1w.nii.gz
adni_hippocampus	009S5037	sub-009S5037_ses-20130108_run-01_T1w.nii.gz
adni_hippocampus	009S5176	sub-009S5176_ses-20130515_run-02_T1w.nii.gz
adni_hippocampus	009S5224	sub-009S5224_ses-20130711_run-02_T1w.nii.gz
adni_hippocampus	009S6212	sub-009S6212_ses-20180226_T1w.nii.gz
adni_hippocampus	010S10867	sub-010S10867_ses-20250722_T1w.nii.gz
adni_hippocampus	010S10871	sub-010S10871_ses-20250812_T1w.nii.gz
adni_hippocampus	010S5163	sub-010S5163_ses-20130529_run-02_T1w.nii.gz
adni_hippocampus	011S0021	sub-011S0021_ses-20101008_run-01_T1w.nii.gz
adni_hippocampus	011S1080	sub-011S1080_ses-20101222_T1w.nii.gz
adni_hippocampus	011S4906	sub-011S4906_ses-20120813_run-01_T1w.nii.gz
adni_hippocampus	011S6303	sub-011S6303_ses-20180412_T1w.nii.gz
adni_hippocampus	011S7028	sub-011S7028_ses-20220311_T1w.nii.gz
adni_hippocampus	012S4012	sub-012S4012_ses-20110720_run-01_T1w.nii.gz
adni_hippocampus	012S4849	sub-012S4849_ses-20120724_run-02_T1w.nii.gz
adni_hippocampus	012S5121	sub-012S5121_ses-20150430_run-01_T1w.nii.gz
adni_hippocampus	012S6073	sub-012S6073_ses-20170922_T1w.nii.gz
adni_hippocampus	013S4917	sub-013S4917_ses-20120831_run-01_T1w.nii.gz
adni_hippocampus	013S6768	sub-013S6768_ses-20190719_run-02_T1w.nii.gz
adni_hippocampus	013S6780	sub-013S6780_ses-20190808_run-01_T1w.nii.gz
adni_hippocampus	013S7103	sub-013S7103_ses-20221024_run-02_T1w.nii.gz
adni_hippocampus	014S10236	sub-014S10236_ses-20240916_T1w.nii.gz
adni_hippocampus	014S10351	sub-014S10351_ses-20250114_T1w.nii.gz
adni_hippocampus	014S10409	sub-014S10409_ses-20250217_T1w.nii.gz
adni_hippocampus	014S4039	sub-014S4039_ses-20110602_run-01_T1w.nii.gz
adni_hippocampus	016S4121	sub-016S4121_ses-20110715_run-01_T1w.nii.gz
adni_hippocampus	016S4353	sub-016S4353_ses-20111118_run-01_T1w.nii.gz
adni_hippocampus	016S4583	sub-016S4583_ses-20120329_run-01_T1w.nii.gz
adni_hippocampus	016S4591	sub-016S4591_ses-20120322_run-01_T1w.nii.gz
adni_hippocampus	016S4646	sub-016S4646_ses-20120510_run-01_T1w.nii.gz
adni_hippocampus	016S4902	sub-016S4902_ses-20120821_run-01_T1w.nii.gz
adni_hippocampus	016S4963	sub-016S4963_ses-20121010_run-01_T1w.nii.gz
adni_hippocampus	016S5031	sub-016S5031_ses-20130213_run-01_T1w.nii.gz
adni_hippocampus	016S5032	sub-016S5032_ses-20121129_run-01_T1w.nii.gz
adni_hippocampus	016S5057	sub-016S5057_ses-20130225_run-01_T1w.nii.gz
adni_hippocampus	016S6708	sub-016S6708_ses-20190326_T1w.nii.gz
adni_hippocampus	016S6771	sub-016S6771_ses-20190717_T1w.nii.gz
adni_hippocampus	016S6836	sub-016S6836_ses-20191119_T1w.nii.gz
adni_hippocampus	016S6839	sub-016S6839_ses-20191203_T1w.nii.gz
adni_hippocampus	016S7039	sub-016S7039_ses-20220120_T1w.nii.gz
adni_hippocampus	018S2155	sub-018S2155_ses-20110302_run-01_T1w.nii.gz
adni_hippocampus	018S4399	sub-018S4399_ses-20111215_run-01_T1w.nii.gz
adni_hippocampus	018S4696	sub-018S4696_ses-20120501_run-01_T1w.nii.gz
adni_hippocampus	018S4733	sub-018S4733_ses-20120523_run-01_T1w.nii.gz
adni_hippocampus	018S5074	sub-018S5074_ses-20130215_run-01_T1w.nii.gz
adni_hippocampus	018S5240	sub-018S5240_ses-20130723_run-02_T1w.nii.gz
adni_hippocampus	019S10705	sub-019S10705_ses-20250513_T1w.nii.gz
adni_hippocampus	019S4477	sub-019S4477_ses-20120125_run-01_T1w.nii.gz
adni_hippocampus	019S4549	sub-019S4549_ses-20120423_run-01_T1w.nii.gz
adni_hippocampus	019S4835	sub-019S4835_ses-20120710_run-01_T1w.nii.gz
adni_hippocampus	020S4920	sub-020S4920_ses-20120913_run-01_T1w.nii.gz
adni_hippocampus	020S6449	sub-020S6449_ses-20180706_T1w.nii.gz
adni_hippocampus	020S6470	sub-020S6470_ses-20180716_T1w.nii.gz
adni_hippocampus	021S2142	sub-021S2142_ses-20101022_run-01_T1w.nii.gz
adni_hippocampus	021S4718	sub-021S4718_ses-20120516_run-01_T1w.nii.gz
adni_hippocampus	021S5237	sub-021S5237_ses-20130627_run-01_T1w.nii.gz
adni_hippocampus	021S7045	sub-021S7045_ses-20220222_T1w.nii.gz
adni_hippocampus	021S7055	sub-021S7055_ses-20220318_T1w.nii.gz
adni_hippocampus	022S10132	sub-022S10132_ses-20240603_T1w.nii.gz
adni_hippocampus	022S10143	sub-022S10143_ses-20240702_T1w.nii.gz
adni_hippocampus	022S10306	sub-022S10306_ses-20250117_T1w.nii.gz
adni_hippocampus	022S10323	sub-022S10323_ses-20241219_T1w.nii.gz
adni_hippocampus	022S10343	sub-022S10343_ses-20250122_T1w.nii.gz
adni_hippocampus	022S10381	sub-022S10381_ses-20250128_T1w.nii.gz
adni_hippocampus	022S2087	sub-022S2087_ses-20101005_run-01_T1w.nii.gz
adni_hippocampus	022S4444	sub-022S4444_ses-20120214_run-01_T1w.nii.gz
adni_hippocampus	022S6013	sub-022S6013_ses-20170426_run-02_T1w.nii.gz
adni_hippocampus	022S6280	sub-022S6280_ses-20180406_run-02_T1w.nii.gz
adni_hippocampus	022S6796	sub-022S6796_ses-20190903_T1w.nii.gz
adni_hippocampus	022S6863	sub-022S6863_ses-20200820_T1w.nii.gz
adni_hippocampus	023S0031	sub-023S0031_ses-20180417_T1w.nii.gz
adni_hippocampus	023S10094	sub-023S10094_ses-20240403_T1w.nii.gz
adni_hippocampus	023S10752	sub-023S10752_ses-20250523_T1w.nii.gz
adni_hippocampus	023S1190	sub-023S1190_ses-20171023_T1w.nii.gz
adni_hippocampus	023S4020	sub-023S4020_ses-20110503_run-01_T1w.nii.gz
adni_hippocampus	023S4501	sub-023S4501_ses-20120322_run-01_T1w.nii.gz
adni_hippocampus	023S4502	sub-023S4502_ses-20120306_run-01_T1w.nii.gz
adni_hippocampus	023S4796	sub-023S4796_ses-20120822_run-01_T1w.nii.gz
adni_hippocampus	023S6400	sub-023S6400_ses-20180530_T1w.nii.gz
adni_hippocampus	023S6547	sub-023S6547_ses-20180807_T1w.nii.gz
adni_hippocampus	024S2239	sub-024S2239_ses-20101203_run-01_T1w.nii.gz
adni_hippocampus	024S4223	sub-024S4223_ses-20110912_run-01_T1w.nii.gz
adni_hippocampus	024S4280	sub-024S4280_ses-20111018_run-01_T1w.nii.gz
adni_hippocampus	024S5054	sub-024S5054_ses-20121220_run-01_T1w.nii.gz
adni_hippocampus	024S5290	sub-024S5290_ses-20170912_T1w.nii.gz
adni_hippocampus	027S10289	sub-027S10289_ses-20241108_T1w.nii.gz
adni_hippocampus	027S10438	sub-027S10438_ses-20250130_T1w.nii.gz
adni_hippocampus	027S10457	sub-027S10457_ses-20250130_T1w.nii.gz
adni_hippocampus	027S2336	sub-027S2336_ses-20110320_run-01_T1w.nii.gz
adni_hippocampus	027S4802	sub-027S4802_ses-20120722_run-01_T1w.nii.gz
adni_hippocampus	027S4804	sub-027S4804_ses-20120716_run-01_T1w.nii.gz
adni_hippocampus	027S4964	sub-027S4964_ses-20121006_run-01_T1w.nii.gz
adni_hippocampus	027S4966	sub-027S4966_ses-20121013_run-01_T1w.nii.gz
adni_hippocampus	027S5109	sub-027S5109_ses-20130325_run-01_T1w.nii.gz
adni_hippocampus	027S5170	sub-027S5170_ses-20130523_run-01_T1w.nii.gz
adni_hippocampus	027S5197	sub-027S5197_ses-20130609_run-01_T1w.nii.gz
adni_hippocampus	027S6183	sub-027S6183_ses-20180201_T1w.nii.gz
adni_hippocampus	027S6516	sub-027S6516_ses-20180816_T1w.nii.gz
adni_hippocampus	027S6640	sub-027S6640_ses-20181226_T1w.nii.gz
adni_hippocampus	027S6643	sub-027S6643_ses-20181226_T1w.nii.gz
adni_hippocampus	027S6648	sub-027S6648_ses-20190102_T1w.nii.gz
adni_hippocampus	027S6788	sub-027S6788_ses-20190805_T1w.nii.gz
adni_hippocampus	027S6842	sub-027S6842_ses-20200131_T1w.nii.gz
adni_hippocampus	027S6849	sub-027S6849_ses-20200210_T1w.nii.gz
adni_hippocampus	027S7054	sub-027S7054_ses-20220318_T1w.nii.gz
adni_hippocampus	029S5166	sub-029S5166_ses-20130522_run-02_T1w.nii.gz
adni_hippocampus	029S5219	sub-029S5219_ses-20130625_run-02_T1w.nii.gz
adni_hippocampus	029S6505	sub-029S6505_ses-20180906_T1w.nii.gz
adni_hippocampus	029S6579	sub-029S6579_ses-20180912_T1w.nii.gz
adni_hippocampus	031S2022	sub-031S2022_ses-20100714_run-01_T1w.nii.gz
adni_hippocampus	031S2233	sub-031S2233_ses-20101215_run-01_T1w.nii.gz
adni_hippocampus	031S4005	sub-031S4005_ses-20110404_run-01_T1w.nii.gz
adni_hippocampus	031S4218	sub-031S4218_ses-20110908_run-01_T1w.nii.gz
adni_hippocampus	031S4590	sub-031S4590_ses-20120315_run-01_T1w.nii.gz
adni_hippocampus	032S2119	sub-032S2119_ses-20101005_run-01_T1w.nii.gz
adni_hippocampus	032S2247	sub-032S2247_ses-20101222_run-01_T1w.nii.gz
adni_hippocampus	032S4755	sub-032S4755_ses-20120702_run-01_T1w.nii.gz
adni_hippocampus	032S6294	sub-032S6294_ses-20180503_T1w.nii.gz
adni_hippocampus	032S6600	sub-032S6600_ses-20181019_T1w.nii.gz
adni_hippocampus	033S10009	sub-033S10009_ses-20230926_T1w.nii.gz
adni_hippocampus	033S10025	sub-033S10025_ses-20231218_T1w.nii.gz
adni_hippocampus	033S10092	sub-033S10092_ses-20240423_T1w.nii.gz
adni_hippocampus	033S10144	sub-033S10144_ses-20240705_T1w.nii.gz
adni_hippocampus	033S1016	sub-033S1016_ses-20171206_T1w.nii.gz
adni_hippocampus	033S10175	sub-033S10175_ses-20240726_T1w.nii.gz
adni_hippocampus	033S1098	sub-033S1098_ses-20171204_T1w.nii.gz
adni_hippocampus	033S4505	sub-033S4505_ses-20130219_run-01_T1w.nii.gz
adni_hippocampus	033S5013	sub-033S5013_ses-20130607_run-02_T1w.nii.gz
adni_hippocampus	033S5087	sub-033S5087_ses-20130214_run-01_T1w.nii.gz
adni_hippocampus	033S5198	sub-033S5198_ses-20130603_run-02_T1w.nii.gz
adni_hippocampus	033S5259	sub-033S5259_ses-20130725_run-02_T1w.nii.gz
adni_hippocampus	033S6572	sub-033S6572_ses-20180904_T1w.nii.gz
adni_hippocampus	033S6697	sub-033S6697_ses-20190314_T1w.nii.gz
adni_hippocampus	033S6705	sub-033S6705_ses-20190326_T1w.nii.gz
adni_hippocampus	033S6824	sub-033S6824_ses-20191001_T1w.nii.gz
adni_hippocampus	033S6976	sub-033S6976_ses-20210702_T1w.nii.gz
adni_hippocampus	033S7066	sub-033S7066_ses-20220418_T1w.nii.gz
adni_hippocampus	033S7114	sub-033S7114_ses-20221021_T1w.nii.gz
adni_hippocampus	035S0555	sub-035S0555_ses-20180201_T1w.nii.gz
adni_hippocampus	035S4085	sub-035S4085_ses-20110706_run-01_T1w.nii.gz
adni_hippocampus	035S4256	sub-035S4256_ses-20111214_run-01_T1w.nii.gz
adni_hippocampus	035S4414	sub-035S4414_ses-20120319_run-01_T1w.nii.gz
adni_hippocampus	035S4582	sub-035S4582_ses-20120320_run-01_T1w.nii.gz
adni_hippocampus	035S6195	sub-035S6195_ses-20180207_T1w.nii.gz
adni_hippocampus	035S6551	sub-035S6551_ses-20180815_T1w.nii.gz
adni_hippocampus	035S7043	sub-035S7043_ses-20240307_T1w.nii.gz
adni_hippocampus	036S4389	sub-036S4389_ses-20111207_run-01_T1w.nii.gz
adni_hippocampus	036S4538	sub-036S4538_ses-20120305_run-01_T1w.nii.gz
adni_hippocampus	036S4714	sub-036S4714_ses-20120511_run-01_T1w.nii.gz
adni_hippocampus	036S4740	sub-036S4740_ses-20120525_run-01_T1w.nii.gz
adni_hippocampus	036S4878	sub-036S4878_ses-20120802_run-01_T1w.nii.gz
adni_hippocampus	036S4894	sub-036S4894_ses-20120809_run-01_T1w.nii.gz
adni_hippocampus	036S5210	sub-036S5210_ses-20130612_run-02_T1w.nii.gz
adni_hippocampus	036S6099	sub-036S6099_ses-20171025_T1w.nii.gz
adni_hippocampus	036S6134	sub-036S6134_ses-20171204_T1w.nii.gz
adni_hippocampus	036S6179	sub-036S6179_ses-20200901_T1w.nii.gz
adni_hippocampus	036S6231	sub-036S6231_ses-20180305_T1w.nii.gz
adni_hippocampus	036S6894	sub-036S6894_ses-20201118_T1w.nii.gz
adni_hippocampus	036S7023	sub-036S7023_ses-20211103_T1w.nii.gz
adni_hippocampus	036S7044	sub-036S7044_ses-20220221_T1w.nii.gz
adni_hippocampus	037S0454	sub-037S0454_ses-20130114_run-01_T1w.nii.gz
adni_hippocampus	037S0467	sub-037S0467_ses-20130515_run-02_T1w.nii.gz
adni_hippocampus	037S0566	sub-037S0566_ses-20121206_run-01_T1w.nii.gz
adni_hippocampus	037S10087	sub-037S10087_ses-20240604_T1w.nii.gz
adni_hippocampus	037S10464	sub-037S10464_ses-20250415_T1w.nii.gz
adni_hippocampus	037S4001	sub-037S4001_ses-20110221_run-01_T1w.nii.gz
adni_hippocampus	037S4770	sub-037S4770_ses-20120709_run-01_T1w.nii.gz
adni_hippocampus	037S5222	sub-037S5222_ses-20130711_run-02_T1w.nii.gz
adni_hippocampus	037S6083	sub-037S6083_ses-20171010_T1w.nii.gz
adni_hippocampus	037S6187	sub-037S6187_ses-20180314_T1w.nii.gz
adni_hippocampus	037S6204	sub-037S6204_ses-20180309_T1w.nii.gz
adni_hippocampus	037S6230	sub-037S6230_ses-20180601_T1w.nii.gz
adni_hippocampus	037S6377	sub-037S6377_ses-20180706_T1w.nii.gz
adni_hippocampus	037S6963	sub-037S6963_ses-20210809_T1w.nii.gz
adni_hippocampus	041S10448	sub-041S10448_ses-20250212_T1w.nii.gz
adni_hippocampus	041S10708	sub-041S10708_ses-20250604_T1w.nii.gz
adni_hippocampus	041S10712	sub-041S10712_ses-20250516_T1w.nii.gz
adni_hippocampus	041S10717	sub-041S10717_ses-20250529_T1w.nii.gz
adni_hippocampus	041S4060	sub-041S4060_ses-20110601_run-01_T1w.nii.gz
adni_hippocampus	041S4138	sub-041S4138_ses-20110722_run-01_T1w.nii.gz
adni_hippocampus	041S4509	sub-041S4509_ses-20120210_run-01_T1w.nii.gz
adni_hippocampus	041S4513	sub-041S4513_ses-20120229_run-01_T1w.nii.gz
adni_hippocampus	041S4720	sub-041S4720_ses-20120514_run-01_T1w.nii.gz
adni_hippocampus	041S5141	sub-041S5141_ses-20130418_run-01_T1w.nii.gz
adni_hippocampus	041S5173	sub-041S5173_ses-20130515_run-02_T1w.nii.gz
adni_hippocampus	041S5204	sub-041S5204_ses-20130611_run-01_T1w.nii.gz
adni_hippocampus	051S4980	sub-051S4980_ses-20121029_run-01_T1w.nii.gz
adni_hippocampus	051S5005	sub-051S5005_ses-20121106_run-01_T1w.nii.gz
adni_hippocampus	052S0671	sub-052S0671_ses-20150717_run-01_T1w.nii.gz
adni_hippocampus	052S10159	sub-052S10159_ses-20240718_T1w.nii.gz
adni_hippocampus	052S10242	sub-052S10242_ses-20240924_T1w.nii.gz
adni_hippocampus	052S10252	sub-052S10252_ses-20241001_T1w.nii.gz
adni_hippocampus	052S10267	sub-052S10267_ses-20241031_T1w.nii.gz
adni_hippocampus	052S10281	sub-052S10281_ses-20241211_T1w.nii.gz
adni_hippocampus	052S10286	sub-052S10286_ses-20241022_T1w.nii.gz
adni_hippocampus	052S10307	sub-052S10307_ses-20241223_T1w.nii.gz
adni_hippocampus	052S10349	sub-052S10349_ses-20250103_T1w.nii.gz
adni_hippocampus	052S4807	sub-052S4807_ses-20120727_run-01_T1w.nii.gz
adni_hippocampus	052S4944	sub-052S4944_ses-20121019_run-01_T1w.nii.gz
adni_hippocampus	052S4959	sub-052S4959_ses-20130304_run-01_T1w.nii.gz
adni_hippocampus	052S6844	sub-052S6844_ses-20200103_T1w.nii.gz
adni_hippocampus	053S4557	sub-053S4557_ses-20120308_run-01_T1w.nii.gz
adni_hippocampus	053S6598	sub-053S6598_ses-20181011_T1w.nii.gz
adni_hippocampus	053S7109	sub-053S7109_ses-20220922_T1w.nii.gz
adni_hippocampus	057S4110	sub-057S4110_ses-20110708_run-02_T1w.nii.gz
adni_hippocampus	057S4888	sub-057S4888_ses-20120803_run-01_T1w.nii.gz
adni_hippocampus	057S4909	sub-057S4909_ses-20120823_run-01_T1w.nii.gz
adni_hippocampus	057S6869	sub-057S6869_ses-20210224_T1w.nii.gz
adni_hippocampus	067S0257	sub-067S0257_ses-20130820_run-02_T1w.nii.gz
adni_hippocampus	067S10474	sub-067S10474_ses-20250224_T1w.nii.gz
adni_hippocampus	067S10844	sub-067S10844_ses-20250721_T1w.nii.gz
adni_hippocampus	067S2196	sub-067S2196_ses-20101122_run-01_T1w.nii.gz
adni_hippocampus	067S4310	sub-067S4310_ses-20111027_run-01_T1w.nii.gz
adni_hippocampus	067S5160	sub-067S5160_ses-20130517_run-01_T1w.nii.gz
adni_hippocampus	067S6912	sub-067S6912_ses-20210415_T1w.nii.gz
adni_hippocampus	067S7008	sub-067S7008_ses-20211006_T1w.nii.gz
adni_hippocampus	068S4134	sub-068S4134_ses-20110728_run-01_T1w.nii.gz
adni_hippocampus	068S4274	sub-068S4274_ses-20111010_run-01_T1w.nii.gz
adni_hippocampus	068S4340	sub-068S4340_ses-20111128_run-01_T1w.nii.gz
adni_hippocampus	068S4424	sub-068S4424_ses-20150602_run-01_T1w.nii.gz
adni_hippocampus	068S4859	sub-068S4859_ses-20120803_run-01_T1w.nii.gz
adni_hippocampus	068S5146	sub-068S5146_ses-20130515_run-01_T1w.nii.gz
adni_hippocampus	068S5206	sub-068S5206_ses-20130626_run-01_T1w.nii.gz
adni_hippocampus	070S10298	sub-070S10298_ses-20241120_T1w.nii.gz
adni_hippocampus	070S4692	sub-070S4692_ses-20120508_run-01_T1w.nii.gz
adni_hippocampus	070S4708	sub-070S4708_ses-20120815_run-01_T1w.nii.gz
adni_hippocampus	070S4719	sub-070S4719_ses-20120521_run-01_T1w.nii.gz
adni_hippocampus	070S6191	sub-070S6191_ses-20180130_run-01_T1w.nii.gz
adni_hippocampus	070S6548	sub-070S6548_ses-20180808_run-01_T1w.nii.gz
adni_hippocampus	070S6966	sub-070S6966_ses-20210628_run-02_T1w.nii.gz
adni_hippocampus	072S4007	sub-072S4007_ses-20110308_run-01_T1w.nii.gz
adni_hippocampus	072S4131	sub-072S4131_ses-20110725_run-01_T1w.nii.gz
adni_hippocampus	072S4226	sub-072S4226_ses-20120420_run-01_T1w.nii.gz
adni_hippocampus	072S4391	sub-072S4391_ses-20120106_run-01_T1w.nii.gz
adni_hippocampus	072S4462	sub-072S4462_ses-20120202_run-01_T1w.nii.gz
adni_hippocampus	072S4610	sub-072S4610_ses-20120330_run-01_T1w.nii.gz
adni_hippocampus	072S4769	sub-072S4769_ses-20120712_run-01_T1w.nii.gz
adni_hippocampus	072S4871	sub-072S4871_ses-20120809_run-01_T1w.nii.gz
adni_hippocampus	073S0746	sub-073S0746_ses-20120213_run-01_T1w.nii.gz
adni_hippocampus	073S10089	sub-073S10089_ses-20240529_T1w.nii.gz
adni_hippocampus	073S10105	sub-073S10105_ses-20240502_T1w.nii.gz
adni_hippocampus	073S10177	sub-073S10177_ses-20240916_T1w.nii.gz
adni_hippocampus	073S10254	sub-073S10254_ses-20240924_T1w.nii.gz
adni_hippocampus	073S2153	sub-073S2153_ses-20110316_run-01_T1w.nii.gz
adni_hippocampus	073S2191	sub-073S2191_ses-20110107_run-01_T1w.nii.gz
adni_hippocampus	073S4230	sub-073S4230_ses-20110909_run-01_T1w.nii.gz
adni_hippocampus	073S4311	sub-073S4311_ses-20111017_run-01_T1w.nii.gz
adni_hippocampus	073S4382	sub-073S4382_ses-20111115_run-01_T1w.nii.gz
adni_hippocampus	073S4443	sub-073S4443_ses-20111222_run-01_T1w.nii.gz
adni_hippocampus	073S4614	sub-073S4614_ses-20120316_run-01_T1w.nii.gz
adni_hippocampus	073S4739	sub-073S4739_ses-20120516_run-01_T1w.nii.gz
adni_hippocampus	073S4748	sub-073S4748_ses-20120518_run-01_T1w.nii.gz
adni_hippocampus	073S4762	sub-073S4762_ses-20120524_run-01_T1w.nii.gz
adni_hippocampus	073S4795	sub-073S4795_ses-20120606_run-01_T1w.nii.gz
adni_hippocampus	073S4825	sub-073S4825_ses-20120626_run-01_T1w.nii.gz
adni_hippocampus	073S4853	sub-073S4853_ses-20120711_run-01_T1w.nii.gz
adni_hippocampus	073S5016	sub-073S5016_ses-20121025_run-01_T1w.nii.gz
adni_hippocampus	073S5090	sub-073S5090_ses-20130207_run-01_T1w.nii.gz
adni_hippocampus	073S6669	sub-073S6669_ses-20210426_T1w.nii.gz
adni_hippocampus	082S10153	sub-082S10153_ses-20250521_T1w.nii.gz
adni_hippocampus	082S10809	sub-082S10809_ses-20250609_T1w.nii.gz
adni_hippocampus	082S2121	sub-082S2121_ses-20101012_run-01_T1w.nii.gz
adni_hippocampus	082S5029	sub-082S5029_ses-20121114_run-01_T1w.nii.gz
adni_hippocampus	082S5278	sub-082S5278_ses-20130815_run-02_T1w.nii.gz
adni_hippocampus	082S6287	sub-082S6287_ses-20180515_run-02_T1w.nii.gz
adni_hippocampus	082S7117	sub-082S7117_ses-20221103_run-02_T1w.nii.gz
adni_hippocampus	094S2201	sub-094S2201_ses-20110103_run-01_T1w.nii.gz
adni_hippocampus	094S4162	sub-094S4162_ses-20110816_run-01_T1w.nii.gz
adni_hippocampus	094S4560	sub-094S4560_ses-20120316_run-01_T1w.nii.gz
adni_hippocampus	094S4737	sub-094S4737_ses-20120828_run-01_T1w.nii.gz
adni_hippocampus	094S6417	sub-094S6417_ses-20180622_T1w.nii.gz
adni_hippocampus	098S10480	sub-098S10480_ses-20250312_T1w.nii.gz
adni_hippocampus	098S10543	sub-098S10543_ses-20250311_T1w.nii.gz
adni_hippocampus	098S4018	sub-098S4018_ses-20110422_run-01_T1w.nii.gz
adni_hippocampus	098S4201	sub-098S4201_ses-20110914_run-01_T1w.nii.gz
adni_hippocampus	099S2042	sub-099S2042_ses-20100818_run-01_T1w.nii.gz
adni_hippocampus	099S2205	sub-099S2205_ses-20101130_run-01_T1w.nii.gz
adni_hippocampus	099S4475	sub-099S4475_ses-20120201_run-01_T1w.nii.gz
adni_hippocampus	099S4994	sub-099S4994_ses-20121203_run-01_T1w.nii.gz
adni_hippocampus	099S6396	sub-099S6396_ses-20180605_T1w.nii.gz
adni_hippocampus	100S10034	sub-100S10034_ses-20240202_run-01_T1w.nii.gz
adni_hippocampus	100S10036	sub-100S10036_ses-20240326_run-01_T1w.nii.gz
adni_hippocampus	100S10108	sub-100S10108_ses-20240709_run-01_T1w.nii.gz
adni_hippocampus	100S5102	sub-100S5102_ses-20130329_run-01_T1w.nii.gz
adni_hippocampus	100S5106	sub-100S5106_ses-20130422_run-01_T1w.nii.gz
adni_hippocampus	100S6273	sub-100S6273_ses-20180402_T1w.nii.gz
adni_hippocampus	100S6493	sub-100S6493_ses-20180918_T1w.nii.gz
adni_hippocampus	100S6578	sub-100S6578_ses-20180927_T1w.nii.gz
adni_hippocampus	109S4260	sub-109S4260_ses-20111014_run-01_T1w.nii.gz
adni_hippocampus	109S4378	sub-109S4378_ses-20111206_run-01_T1w.nii.gz
adni_hippocampus	109S6215	sub-109S6215_ses-20180313_run-01_T1w.nii.gz
adni_hippocampus	109S6221	sub-109S6221_ses-20180717_run-02_T1w.nii.gz
adni_hippocampus	109S6300	sub-109S6300_ses-20180725_run-01_T1w.nii.gz
adni_hippocampus	114S10442	sub-114S10442_ses-20250131_T1w.nii.gz
adni_hippocampus	114S10615	sub-114S10615_ses-20250325_T1w.nii.gz
adni_hippocampus	114S10841	sub-114S10841_ses-20250708_T1w.nii.gz
adni_hippocampus	114S6368	sub-114S6368_ses-20180703_run-01_T1w.nii.gz
adni_hippocampus	116S4195	sub-116S4195_ses-20110831_run-01_T1w.nii.gz
adni_hippocampus	116S4209	sub-116S4209_ses-20110829_run-01_T1w.nii.gz
adni_hippocampus	116S4537	sub-116S4537_ses-20120216_run-01_T1w.nii.gz
adni_hippocampus	116S4855	sub-116S4855_ses-20120720_run-01_T1w.nii.gz
adni_hippocampus	116S6439	sub-116S6439_ses-20180629_run-01_T1w.nii.gz
adni_hippocampus	116S6543	sub-116S6543_ses-20180821_run-02_T1w.nii.gz
adni_hippocampus	116S6624	sub-116S6624_ses-20181102_run-01_T1w.nii.gz
adni_hippocampus	116S6775	sub-116S6775_ses-20190815_run-02_T1w.nii.gz
adni_hippocampus	123S0106	sub-123S0106_ses-20170628_T1w.nii.gz
adni_hippocampus	123S10776	sub-123S10776_ses-20250514_run-01_T1w.nii.gz
adni_hippocampus	123S4526	sub-123S4526_ses-20120209_run-01_T1w.nii.gz
adni_hippocampus	126S4458	sub-126S4458_ses-20120120_run-01_T1w.nii.gz
adni_hippocampus	126S4494	sub-126S4494_ses-20120131_run-01_T1w.nii.gz
adni_hippocampus	126S4712	sub-126S4712_ses-20120508_run-01_T1w.nii.gz
adni_hippocampus	126S7060	sub-126S7060_ses-20220425_T1w.nii.gz
adni_hippocampus	126S7083	sub-126S7083_ses-20220615_T1w.nii.gz
adni_hippocampus	127S4148	sub-127S4148_ses-20110811_run-01_T1w.nii.gz
adni_hippocampus	127S4197	sub-127S4197_ses-20110822_run-01_T1w.nii.gz
adni_hippocampus	127S4198	sub-127S4198_ses-20110901_run-01_T1w.nii.gz
adni_hippocampus	127S4500	sub-127S4500_ses-20120208_run-01_T1w.nii.gz
adni_hippocampus	127S4843	sub-127S4843_ses-20120718_run-01_T1w.nii.gz
adni_hippocampus	127S4928	sub-127S4928_ses-20120905_run-01_T1w.nii.gz
adni_hippocampus	127S5028	sub-127S5028_ses-20121114_run-01_T1w.nii.gz
adni_hippocampus	127S5056	sub-127S5056_ses-20130103_run-01_T1w.nii.gz
adni_hippocampus	127S5058	sub-127S5058_ses-20130110_run-01_T1w.nii.gz
adni_hippocampus	127S5067	sub-127S5067_ses-20130204_run-01_T1w.nii.gz
adni_hippocampus	127S5095	sub-127S5095_ses-20130227_run-01_T1w.nii.gz
adni_hippocampus	127S5132	sub-127S5132_ses-20130425_run-01_T1w.nii.gz
adni_hippocampus	127S6357	sub-127S6357_ses-20180723_T1w.nii.gz
adni_hippocampus	127S6433	sub-127S6433_ses-20180801_T1w.nii.gz
adni_hippocampus	127S6549	sub-127S6549_ses-20181003_T1w.nii.gz
adni_hippocampus	128S2002	sub-128S2002_ses-20100617_run-01_T1w.nii.gz
adni_hippocampus	128S2123	sub-128S2123_ses-20101021_run-01_T1w.nii.gz
adni_hippocampus	128S4553	sub-128S4553_ses-20120220_run-01_T1w.nii.gz
adni_hippocampus	128S4609	sub-128S4609_ses-20120404_run-01_T1w.nii.gz
adni_hippocampus	128S4671	sub-128S4671_ses-20120502_run-01_T1w.nii.gz
adni_hippocampus	128S4745	sub-128S4745_ses-20120607_run-01_T1w.nii.gz
adni_hippocampus	128S4774	sub-128S4774_ses-20120621_run-01_T1w.nii.gz
adni_hippocampus	128S4792	sub-128S4792_ses-20120618_run-01_T1w.nii.gz
adni_hippocampus	128S4832	sub-128S4832_ses-20120709_run-01_T1w.nii.gz
adni_hippocampus	128S5123	sub-128S5123_ses-20121220_run-01_T1w.nii.gz
adni_hippocampus	129S0778	sub-129S0778_ses-20120913_run-01_T1w.nii.gz
adni_hippocampus	129S4073	sub-129S4073_ses-20120723_run-01_T1w.nii.gz
adni_hippocampus	129S4369	sub-129S4369_ses-20120807_run-01_T1w.nii.gz
adni_hippocampus	129S6304	sub-129S6304_ses-20180416_T1w.nii.gz
adni_hippocampus	129S6763	sub-129S6763_ses-20190715_T1w.nii.gz
adni_hippocampus	129S6784	sub-129S6784_ses-20190731_T1w.nii.gz
adni_hippocampus	130S10192	sub-130S10192_ses-20240822_run-01_T1w.nii.gz
adni_hippocampus	130S10344	sub-130S10344_ses-20241121_run-01_T1w.nii.gz
adni_hippocampus	130S10433	sub-130S10433_ses-20250127_run-01_T1w.nii.gz
adni_hippocampus	130S10592	sub-130S10592_ses-20250313_run-01_T1w.nii.gz
adni_hippocampus	130S10760	sub-130S10760_ses-20250522_run-01_T1w.nii.gz
adni_hippocampus	130S2403	sub-130S2403_ses-20121018_run-01_T1w.nii.gz
adni_hippocampus	130S4352	sub-130S4352_ses-20111115_run-01_T1w.nii.gz
adni_hippocampus	130S4417	sub-130S4417_ses-20120118_run-01_T1w.nii.gz
adni_hippocampus	130S4589	sub-130S4589_ses-20120319_run-01_T1w.nii.gz
adni_hippocampus	130S4641	sub-130S4641_ses-20120404_run-01_T1w.nii.gz
adni_hippocampus	130S4660	sub-130S4660_ses-20120418_run-01_T1w.nii.gz
adni_hippocampus	130S4817	sub-130S4817_ses-20120703_run-01_T1w.nii.gz
adni_hippocampus	130S4883	sub-130S4883_ses-20120810_run-01_T1w.nii.gz
adni_hippocampus	130S4971	sub-130S4971_ses-20121017_run-01_T1w.nii.gz
adni_hippocampus	130S4982	sub-130S4982_ses-20121023_run-01_T1w.nii.gz
adni_hippocampus	130S4984	sub-130S4984_ses-20121017_run-01_T1w.nii.gz
adni_hippocampus	130S4990	sub-130S4990_ses-20121026_run-01_T1w.nii.gz
adni_hippocampus	130S5059	sub-130S5059_ses-20130206_run-01_T1w.nii.gz
adni_hippocampus	130S5231	sub-130S5231_ses-20130716_run-01_T1w.nii.gz
adni_hippocampus	130S6072	sub-130S6072_ses-20170825_run-01_T1w.nii.gz
adni_hippocampus	130S6161	sub-130S6161_ses-20180103_T1w.nii.gz
adni_hippocampus	130S6604	sub-130S6604_ses-20181012_T1w.nii.gz
adni_hippocampus	130S6639	sub-130S6639_ses-20181204_T1w.nii.gz
adni_hippocampus	131S0123	sub-131S0123_ses-20150303_run-01_T1w.nii.gz
adni_hippocampus	131S5138	sub-131S5138_ses-20130402_run-01_T1w.nii.gz
adni_hippocampus	131S6170	sub-131S6170_ses-20211110_T1w.nii.gz
adni_hippocampus	131S6519	sub-131S6519_ses-20201001_T1w.nii.gz
adni_hippocampus	131S6805	sub-131S6805_ses-20190912_T1w.nii.gz
adni_hippocampus	135S10832	sub-135S10832_ses-20250625_T1w.nii.gz
adni_hippocampus	135S4356	sub-135S4356_ses-20111110_run-01_T1w.nii.gz
adni_hippocampus	135S4489	sub-135S4489_ses-20120202_run-01_T1w.nii.gz
adni_hippocampus	135S4676	sub-135S4676_ses-20120419_run-01_T1w.nii.gz
adni_hippocampus	135S4689	sub-135S4689_ses-20120427_run-01_T1w.nii.gz
adni_hippocampus	135S4710	sub-135S4710_ses-20120510_run-01_T1w.nii.gz
adni_hippocampus	135S4722	sub-135S4722_ses-20120516_run-01_T1w.nii.gz
adni_hippocampus	135S5015	sub-135S5015_ses-20121113_run-01_T1w.nii.gz
adni_hippocampus	135S5275	sub-135S5275_ses-20130805_run-01_T1w.nii.gz
adni_hippocampus	135S6284	sub-135S6284_ses-20180502_T1w.nii.gz
adni_hippocampus	135S6389	sub-135S6389_ses-20180529_T1w.nii.gz
adni_hippocampus	135S6411	sub-135S6411_ses-20180604_T1w.nii.gz
adni_hippocampus	135S6509	sub-135S6509_ses-20180716_T1w.nii.gz
adni_hippocampus	135S6510	sub-135S6510_ses-20180719_T1w.nii.gz
adni_hippocampus	135S6703	sub-135S6703_ses-20190326_run-01_T1w.nii.gz
adni_hippocampus	135S7003	sub-135S7003_ses-20210920_run-01_T1w.nii.gz
adni_hippocampus	136S0186	sub-136S0186_ses-20121011_run-01_T1w.nii.gz
adni_hippocampus	136S4433	sub-136S4433_ses-20120116_run-01_T1w.nii.gz
adni_hippocampus	136S4726	sub-136S4726_ses-20120605_run-01_T1w.nii.gz
adni_hippocampus	136S4993	sub-136S4993_ses-20121024_run-01_T1w.nii.gz
adni_hippocampus	137S0301	sub-137S0301_ses-20120420_run-01_T1w.nii.gz
adni_hippocampus	137S4211	sub-137S4211_ses-20110921_run-01_T1w.nii.gz
adni_hippocampus	137S4351	sub-137S4351_ses-20111202_run-01_T1w.nii.gz
adni_hippocampus	137S4672	sub-137S4672_ses-20120416_run-01_T1w.nii.gz
adni_hippocampus	137S6659	sub-137S6659_ses-20190115_T1w.nii.gz
adni_hippocampus	137S6693	sub-137S6693_ses-20210222_T1w.nii.gz
adni_hippocampus	137S6812	sub-137S6812_ses-20191108_T1w.nii.gz
adni_hippocampus	137S6903	sub-137S6903_ses-20240423_T1w.nii.gz
adni_hippocampus	137S6906	sub-137S6906_ses-20210614_T1w.nii.gz
adni_hippocampus	141S1052	sub-141S1052_ses-20131221_run-01_T1w.nii.gz
adni_hippocampus	141S4711	sub-141S4711_ses-20120512_run-01_T1w.nii.gz
adni_hippocampus	141S6015	sub-141S6015_ses-20170511_run-01_T1w.nii.gz
adni_hippocampus	141S6178	sub-141S6178_ses-20190227_run-01_T1w.nii.gz
adni_hippocampus	141S6779	sub-141S6779_ses-20201027_run-02_T1w.nii.gz
adni_hippocampus	153S4165	sub-153S4165_ses-20110817_run-01_T1w.nii.gz
adni_hippocampus	153S4172	sub-153S4172_ses-20110817_run-01_T1w.nii.gz
adni_hippocampus	153S6274	sub-153S6274_ses-20180322_T1w.nii.gz
adni_hippocampus	158S10782	sub-158S10782_ses-20250722_run-01_T1w.nii.gz
adni_hippocampus	158S10862	sub-158S10862_ses-20250807_run-01_T1w.nii.gz
adni_hippocampus	168S6049	sub-168S6049_ses-20171011_T1w.nii.gz
adni_hippocampus	168S6065	sub-168S6065_ses-20170905_T1w.nii.gz
adni_hippocampus	168S6108	sub-168S6108_ses-20171113_T1w.nii.gz
adni_hippocampus	168S6142	sub-168S6142_ses-20171218_T1w.nii.gz
adni_hippocampus	168S6318	sub-168S6318_ses-20180419_T1w.nii.gz
adni_hippocampus	168S6350	sub-168S6350_ses-20180514_T1w.nii.gz
adni_hippocampus	168S6492	sub-168S6492_ses-20180806_T1w.nii.gz
adni_hippocampus	168S6634	sub-168S6634_ses-20181127_T1w.nii.gz
adni_hippocampus	168S6817	sub-168S6817_ses-20191003_T1w.nii.gz
adni_hippocampus	168S6827	sub-168S6827_ses-20191010_T1w.nii.gz
adni_hippocampus	168S6874	sub-168S6874_ses-20200622_T1w.nii.gz
adni_hippocampus	168S6921	sub-168S6921_ses-20210406_T1w.nii.gz
adni_hippocampus	301S10194	sub-301S10194_ses-20240809_run-01_T1w.nii.gz
adni_hippocampus	301S6224	sub-301S6224_ses-20180213_T1w.nii.gz
adni_hippocampus	301S6592	sub-301S6592_ses-20181023_T1w.nii.gz
adni_hippocampus	301S6698	sub-301S6698_ses-20190329_T1w.nii.gz
adni_hippocampus	305S6157	sub-305S6157_ses-20180126_T1w.nii.gz
adni_hippocampus	305S6378	sub-305S6378_ses-20180519_T1w.nii.gz
adni_hippocampus	305S6742	sub-305S6742_ses-20190622_T1w.nii.gz
adni_hippocampus	305S6810	sub-305S6810_ses-20191102_T1w.nii.gz
adni_hippocampus	305S6850	sub-305S6850_ses-20200129_T1w.nii.gz
adni_hippocampus	305S6877	sub-305S6877_ses-20200723_T1w.nii.gz
adni_hippocampus	305S6881	sub-305S6881_ses-20200824_T1w.nii.gz
adni_hippocampus	389S10251	sub-389S10251_ses-20241112_T1w.nii.gz
adni_hippocampus	389S10860	sub-389S10860_ses-20250707_T1w.nii.gz
adni_hippocampus	405S10445	sub-405S10445_ses-20250127_run-01_T1w.nii.gz
adni_hippocampus	405S10539	sub-405S10539_ses-20250303_run-01_T1w.nii.gz
adni_hippocampus	941S10001	sub-941S10001_ses-20230906_T1w.nii.gz
adni_hippocampus	941S10002	sub-941S10002_ses-20230823_T1w.nii.gz
adni_hippocampus	941S10039	sub-941S10039_ses-20240212_T1w.nii.gz
adni_hippocampus	941S10051	sub-941S10051_ses-20250218_T1w.nii.gz
adni_hippocampus	941S10148	sub-941S10148_ses-20240715_T1w.nii.gz
adni_hippocampus	941S10169	sub-941S10169_ses-20240717_T1w.nii.gz
adni_hippocampus	941S10279	sub-941S10279_ses-20241015_T1w.nii.gz
adni_hippocampus	941S1202	sub-941S1202_ses-20110616_run-01_T1w.nii.gz
adni_hippocampus	941S4100	sub-941S4100_ses-20110718_run-01_T1w.nii.gz
adni_hippocampus	941S4365	sub-941S4365_ses-20111122_run-01_T1w.nii.gz
adni_hippocampus	941S6052	sub-941S6052_ses-20170720_T1w.nii.gz
adni_hippocampus	941S6054	sub-941S6054_ses-20170728_T1w.nii.gz
adni_hippocampus	941S6496	sub-941S6496_ses-20180717_T1w.nii.gz
adni_hippocampus	941S6546	sub-941S6546_ses-20180808_T1w.nii.gz
adni_hippocampus	941S6803	sub-941S6803_ses-20190916_T1w.nii.gz
adni_hippocampus	941S6962	sub-941S6962_ses-20210713_T1w.nii.gz
adni_hippocampus	941S7041	sub-941S7041_ses-20220214_T1w.nii.gz
adni_hippocampus	941S7046	sub-941S7046_ses-20220308_T1w.nii.gz
adni_amygdala	002S4219	sub-002S4219_ses-20110914_run-01_T1w.nii.gz
adni_amygdala	002S4251	sub-002S4251_ses-20110926_run-01_T1w.nii.gz
adni_amygdala	002S4262	sub-002S4262_ses-20111005_run-01_T1w.nii.gz
adni_amygdala	002S4799	sub-002S4799_ses-20120621_run-01_T1w.nii.gz
adni_amygdala	002S6007	sub-002S6007_ses-20170331_T1w.nii.gz
adni_amygdala	003S10622	sub-003S10622_ses-20250326_T1w.nii.gz
adni_amygdala	003S4136	sub-003S4136_ses-20120105_run-01_T1w.nii.gz
adni_amygdala	003S4142	sub-003S4142_ses-20110831_run-01_T1w.nii.gz
adni_amygdala	003S4152	sub-003S4152_ses-20110830_run-01_T1w.nii.gz
adni_amygdala	003S4288	sub-003S4288_ses-20111020_run-01_T1w.nii.gz
adni_amygdala	003S4350	sub-003S4350_ses-20111109_run-01_T1w.nii.gz
adni_amygdala	003S4373	sub-003S4373_ses-20111215_run-01_T1w.nii.gz
adni_amygdala	003S4644	sub-003S4644_ses-20120419_run-01_T1w.nii.gz
adni_amygdala	003S5165	sub-003S5165_ses-20130516_run-01_T1w.nii.gz
adni_amygdala	003S5187	sub-003S5187_ses-20130607_run-01_T1w.nii.gz
adni_amygdala	003S6092	sub-003S6092_ses-20171208_T1w.nii.gz
adni_amygdala	003S6479	sub-003S6479_ses-20191025_T1w.nii.gz
adni_amygdala	003S6833	sub-003S6833_ses-20191107_T1w.nii.gz
adni_amygdala	003S6954	sub-003S6954_ses-20210526_T1w.nii.gz
adni_amygdala	003S6996	sub-003S6996_ses-20210823_T1w.nii.gz
adni_amygdala	005S0602	sub-005S0602_ses-20171030_T1w.nii.gz
adni_amygdala	005S10100	sub-005S10100_ses-20240513_T1w.nii.gz
adni_amygdala	005S10300	sub-005S10300_ses-20250103_T1w.nii.gz
adni_amygdala	005S4168	sub-005S4168_ses-20110817_run-01_T1w.nii.gz
adni_amygdala	005S4910	sub-005S4910_ses-20121213_run-01_T1w.nii.gz
adni_amygdala	005S5038	sub-005S5038_ses-20121213_run-01_T1w.nii.gz
adni_amygdala	005S5119	sub-005S5119_ses-20130328_run-01_T1w.nii.gz
adni_amygdala	005S6393	sub-005S6393_ses-20221014_T1w.nii.gz
adni_amygdala	006S10504	sub-006S10504_ses-20250224_run-01_T1w.nii.gz
adni_amygdala	006S4153	sub-006S4153_ses-20110803_run-01_T1w.nii.gz
adni_amygdala	006S4192	sub-006S4192_ses-20110927_run-01_T1w.nii.gz
adni_amygdala	006S4515	sub-006S4515_ses-20120207_run-01_T1w.nii.gz
adni_amygdala	006S4867	sub-006S4867_ses-20120807_run-01_T1w.nii.gz
adni_amygdala	006S6500	sub-006S6500_ses-20180730_T1w.nii.gz
adni_amygdala	006S6682	sub-006S6682_ses-20190228_T1w.nii.gz
adni_amygdala	006S6689	sub-006S6689_ses-20190227_T1w.nii.gz
adni_amygdala	007S10075	sub-007S10075_ses-20240405_T1w.nii.gz
adni_amygdala	007S2106	sub-007S2106_ses-20100927_run-01_T1w.nii.gz
adni_amygdala	007S4272	sub-007S4272_ses-20111017_run-01_T1w.nii.gz
adni_amygdala	007S4568	sub-007S4568_ses-20120301_run-01_T1w.nii.gz
adni_amygdala	007S4911	sub-007S4911_ses-20121119_run-01_T1w.nii.gz
adni_amygdala	009S1030	sub-009S1030_ses-20111114_run-01_T1w.nii.gz
adni_amygdala	009S4388	sub-009S4388_ses-20111213_run-01_T1w.nii.gz
adni_amygdala	009S4903	sub-009S4903_ses-20120911_run-01_T1w.nii.gz
adni_amygdala	009S5000	sub-009S5000_ses-20121026_run-01_T1w.nii.gz
adni_amygdala	009S5037	sub-009S5037_ses-20130108_run-01_T1w.nii.gz
adni_amygdala	009S5176	sub-009S5176_ses-20130515_run-02_T1w.nii.gz
adni_amygdala	009S5224	sub-009S5224_ses-20130711_run-02_T1w.nii.gz
adni_amygdala	009S6212	sub-009S6212_ses-20180226_T1w.nii.gz
adni_amygdala	010S10867	sub-010S10867_ses-20250722_T1w.nii.gz
adni_amygdala	010S10871	sub-010S10871_ses-20250812_T1w.nii.gz
adni_amygdala	010S5163	sub-010S5163_ses-20130529_run-02_T1w.nii.gz
adni_amygdala	011S0021	sub-011S0021_ses-20101008_run-01_T1w.nii.gz
adni_amygdala	011S1080	sub-011S1080_ses-20101222_T1w.nii.gz
adni_amygdala	011S4906	sub-011S4906_ses-20120813_run-01_T1w.nii.gz
adni_amygdala	011S6303	sub-011S6303_ses-20180412_T1w.nii.gz
adni_amygdala	011S7028	sub-011S7028_ses-20220311_T1w.nii.gz
adni_amygdala	012S4012	sub-012S4012_ses-20110720_run-01_T1w.nii.gz
adni_amygdala	012S4849	sub-012S4849_ses-20120724_run-02_T1w.nii.gz
adni_amygdala	012S5121	sub-012S5121_ses-20150430_run-01_T1w.nii.gz
adni_amygdala	012S6073	sub-012S6073_ses-20170922_T1w.nii.gz
adni_amygdala	013S4917	sub-013S4917_ses-20120831_run-01_T1w.nii.gz
adni_amygdala	013S6768	sub-013S6768_ses-20190719_run-02_T1w.nii.gz
adni_amygdala	013S6780	sub-013S6780_ses-20190808_run-01_T1w.nii.gz
adni_amygdala	013S7103	sub-013S7103_ses-20221024_run-02_T1w.nii.gz
adni_amygdala	014S10236	sub-014S10236_ses-20240916_T1w.nii.gz
adni_amygdala	014S10351	sub-014S10351_ses-20250114_T1w.nii.gz
adni_amygdala	014S10409	sub-014S10409_ses-20250217_T1w.nii.gz
adni_amygdala	014S4039	sub-014S4039_ses-20110602_run-01_T1w.nii.gz
adni_amygdala	016S4121	sub-016S4121_ses-20110715_run-01_T1w.nii.gz
adni_amygdala	016S4353	sub-016S4353_ses-20111118_run-01_T1w.nii.gz
adni_amygdala	016S4583	sub-016S4583_ses-20120329_run-01_T1w.nii.gz
adni_amygdala	016S4591	sub-016S4591_ses-20120322_run-01_T1w.nii.gz
adni_amygdala	016S4646	sub-016S4646_ses-20120510_run-01_T1w.nii.gz
adni_amygdala	016S4902	sub-016S4902_ses-20120821_run-01_T1w.nii.gz
adni_amygdala	016S4963	sub-016S4963_ses-20121010_run-01_T1w.nii.gz
adni_amygdala	016S5031	sub-016S5031_ses-20130213_run-01_T1w.nii.gz
adni_amygdala	016S5032	sub-016S5032_ses-20121129_run-01_T1w.nii.gz
adni_amygdala	016S5057	sub-016S5057_ses-20130225_run-01_T1w.nii.gz
adni_amygdala	016S6708	sub-016S6708_ses-20190326_T1w.nii.gz
adni_amygdala	016S6771	sub-016S6771_ses-20190717_T1w.nii.gz
adni_amygdala	016S6836	sub-016S6836_ses-20191119_T1w.nii.gz
adni_amygdala	016S6839	sub-016S6839_ses-20191203_T1w.nii.gz
adni_amygdala	016S7039	sub-016S7039_ses-20220120_T1w.nii.gz
adni_amygdala	018S2155	sub-018S2155_ses-20110302_run-01_T1w.nii.gz
adni_amygdala	018S4399	sub-018S4399_ses-20111215_run-01_T1w.nii.gz
adni_amygdala	018S4696	sub-018S4696_ses-20120501_run-01_T1w.nii.gz
adni_amygdala	018S4733	sub-018S4733_ses-20120523_run-01_T1w.nii.gz
adni_amygdala	018S5074	sub-018S5074_ses-20130215_run-01_T1w.nii.gz
adni_amygdala	018S5240	sub-018S5240_ses-20130723_run-02_T1w.nii.gz
adni_amygdala	019S10705	sub-019S10705_ses-20250513_T1w.nii.gz
adni_amygdala	019S4477	sub-019S4477_ses-20120125_run-01_T1w.nii.gz
adni_amygdala	019S4549	sub-019S4549_ses-20120423_run-01_T1w.nii.gz
adni_amygdala	019S4835	sub-019S4835_ses-20120710_run-01_T1w.nii.gz
adni_amygdala	020S4920	sub-020S4920_ses-20120913_run-01_T1w.nii.gz
adni_amygdala	020S6449	sub-020S6449_ses-20180706_T1w.nii.gz
adni_amygdala	020S6470	sub-020S6470_ses-20180716_T1w.nii.gz
adni_amygdala	021S2142	sub-021S2142_ses-20101022_run-01_T1w.nii.gz
adni_amygdala	021S4718	sub-021S4718_ses-20120516_run-01_T1w.nii.gz
adni_amygdala	021S5237	sub-021S5237_ses-20130627_run-01_T1w.nii.gz
adni_amygdala	021S7045	sub-021S7045_ses-20220222_T1w.nii.gz
adni_amygdala	021S7055	sub-021S7055_ses-20220318_T1w.nii.gz
adni_amygdala	022S10132	sub-022S10132_ses-20240603_T1w.nii.gz
adni_amygdala	022S10143	sub-022S10143_ses-20240702_T1w.nii.gz
adni_amygdala	022S10306	sub-022S10306_ses-20250117_T1w.nii.gz
adni_amygdala	022S10323	sub-022S10323_ses-20241219_T1w.nii.gz
adni_amygdala	022S10343	sub-022S10343_ses-20250122_T1w.nii.gz
adni_amygdala	022S10381	sub-022S10381_ses-20250128_T1w.nii.gz
adni_amygdala	022S2087	sub-022S2087_ses-20101005_run-01_T1w.nii.gz
adni_amygdala	022S4444	sub-022S4444_ses-20120214_run-01_T1w.nii.gz
adni_amygdala	022S6013	sub-022S6013_ses-20170426_run-02_T1w.nii.gz
adni_amygdala	022S6280	sub-022S6280_ses-20180406_run-02_T1w.nii.gz
adni_amygdala	022S6796	sub-022S6796_ses-20190903_T1w.nii.gz
adni_amygdala	022S6863	sub-022S6863_ses-20200820_T1w.nii.gz
adni_amygdala	023S0031	sub-023S0031_ses-20180417_T1w.nii.gz
adni_amygdala	023S10094	sub-023S10094_ses-20240403_T1w.nii.gz
adni_amygdala	023S10752	sub-023S10752_ses-20250523_T1w.nii.gz
adni_amygdala	023S1190	sub-023S1190_ses-20171023_T1w.nii.gz
adni_amygdala	023S4020	sub-023S4020_ses-20110503_run-01_T1w.nii.gz
adni_amygdala	023S4501	sub-023S4501_ses-20120322_run-01_T1w.nii.gz
adni_amygdala	023S4502	sub-023S4502_ses-20120306_run-01_T1w.nii.gz
adni_amygdala	023S4796	sub-023S4796_ses-20120822_run-01_T1w.nii.gz
adni_amygdala	023S6400	sub-023S6400_ses-20180530_T1w.nii.gz
adni_amygdala	023S6547	sub-023S6547_ses-20180807_T1w.nii.gz
adni_amygdala	024S2239	sub-024S2239_ses-20101203_run-01_T1w.nii.gz
adni_amygdala	024S4223	sub-024S4223_ses-20110912_run-01_T1w.nii.gz
adni_amygdala	024S4280	sub-024S4280_ses-20111018_run-01_T1w.nii.gz
adni_amygdala	024S5054	sub-024S5054_ses-20121220_run-01_T1w.nii.gz
adni_amygdala	024S5290	sub-024S5290_ses-20170912_T1w.nii.gz
adni_amygdala	027S10289	sub-027S10289_ses-20241108_T1w.nii.gz
adni_amygdala	027S10438	sub-027S10438_ses-20250130_T1w.nii.gz
adni_amygdala	027S10457	sub-027S10457_ses-20250130_T1w.nii.gz
adni_amygdala	027S2336	sub-027S2336_ses-20110320_run-01_T1w.nii.gz
adni_amygdala	027S4802	sub-027S4802_ses-20120722_run-01_T1w.nii.gz
adni_amygdala	027S4804	sub-027S4804_ses-20120716_run-01_T1w.nii.gz
adni_amygdala	027S4964	sub-027S4964_ses-20121006_run-01_T1w.nii.gz
adni_amygdala	027S4966	sub-027S4966_ses-20121013_run-01_T1w.nii.gz
adni_amygdala	027S5109	sub-027S5109_ses-20130325_run-01_T1w.nii.gz
adni_amygdala	027S5170	sub-027S5170_ses-20130523_run-01_T1w.nii.gz
adni_amygdala	027S5197	sub-027S5197_ses-20130609_run-01_T1w.nii.gz
adni_amygdala	027S6183	sub-027S6183_ses-20180201_T1w.nii.gz
adni_amygdala	027S6516	sub-027S6516_ses-20180816_T1w.nii.gz
adni_amygdala	027S6640	sub-027S6640_ses-20181226_T1w.nii.gz
adni_amygdala	027S6643	sub-027S6643_ses-20181226_T1w.nii.gz
adni_amygdala	027S6648	sub-027S6648_ses-20190102_T1w.nii.gz
adni_amygdala	027S6788	sub-027S6788_ses-20190805_T1w.nii.gz
adni_amygdala	027S6842	sub-027S6842_ses-20200131_T1w.nii.gz
adni_amygdala	027S6849	sub-027S6849_ses-20200210_T1w.nii.gz
adni_amygdala	027S7054	sub-027S7054_ses-20220318_T1w.nii.gz
adni_amygdala	029S5166	sub-029S5166_ses-20130522_run-02_T1w.nii.gz
adni_amygdala	029S5219	sub-029S5219_ses-20130625_run-02_T1w.nii.gz
adni_amygdala	029S6505	sub-029S6505_ses-20180906_T1w.nii.gz
adni_amygdala	029S6579	sub-029S6579_ses-20180912_T1w.nii.gz
adni_amygdala	031S2022	sub-031S2022_ses-20100714_run-01_T1w.nii.gz
adni_amygdala	031S2233	sub-031S2233_ses-20101215_run-01_T1w.nii.gz
adni_amygdala	031S4005	sub-031S4005_ses-20110404_run-01_T1w.nii.gz
adni_amygdala	031S4218	sub-031S4218_ses-20110908_run-01_T1w.nii.gz
adni_amygdala	031S4590	sub-031S4590_ses-20120315_run-01_T1w.nii.gz
adni_amygdala	032S2119	sub-032S2119_ses-20101005_run-01_T1w.nii.gz
adni_amygdala	032S2247	sub-032S2247_ses-20101222_run-01_T1w.nii.gz
adni_amygdala	032S4755	sub-032S4755_ses-20120702_run-01_T1w.nii.gz
adni_amygdala	032S6294	sub-032S6294_ses-20180503_T1w.nii.gz
adni_amygdala	032S6600	sub-032S6600_ses-20181019_T1w.nii.gz
adni_amygdala	033S10009	sub-033S10009_ses-20230926_T1w.nii.gz
adni_amygdala	033S10025	sub-033S10025_ses-20231218_T1w.nii.gz
adni_amygdala	033S10092	sub-033S10092_ses-20240423_T1w.nii.gz
adni_amygdala	033S10144	sub-033S10144_ses-20240705_T1w.nii.gz
adni_amygdala	033S1016	sub-033S1016_ses-20171206_T1w.nii.gz
adni_amygdala	033S10175	sub-033S10175_ses-20240726_T1w.nii.gz
adni_amygdala	033S1098	sub-033S1098_ses-20171204_T1w.nii.gz
adni_amygdala	033S4505	sub-033S4505_ses-20130219_run-01_T1w.nii.gz
adni_amygdala	033S5013	sub-033S5013_ses-20130607_run-02_T1w.nii.gz
adni_amygdala	033S5087	sub-033S5087_ses-20130214_run-01_T1w.nii.gz
adni_amygdala	033S5198	sub-033S5198_ses-20130603_run-02_T1w.nii.gz
adni_amygdala	033S5259	sub-033S5259_ses-20130725_run-02_T1w.nii.gz
adni_amygdala	033S6572	sub-033S6572_ses-20180904_T1w.nii.gz
adni_amygdala	033S6697	sub-033S6697_ses-20190314_T1w.nii.gz
adni_amygdala	033S6705	sub-033S6705_ses-20190326_T1w.nii.gz
adni_amygdala	033S6824	sub-033S6824_ses-20191001_T1w.nii.gz
adni_amygdala	033S6976	sub-033S6976_ses-20210702_T1w.nii.gz
adni_amygdala	033S7066	sub-033S7066_ses-20220418_T1w.nii.gz
adni_amygdala	033S7114	sub-033S7114_ses-20221021_T1w.nii.gz
adni_amygdala	035S0555	sub-035S0555_ses-20180201_T1w.nii.gz
adni_amygdala	035S4085	sub-035S4085_ses-20110706_run-01_T1w.nii.gz
adni_amygdala	035S4256	sub-035S4256_ses-20111214_run-01_T1w.nii.gz
adni_amygdala	035S4414	sub-035S4414_ses-20120319_run-01_T1w.nii.gz
adni_amygdala	035S4582	sub-035S4582_ses-20120320_run-01_T1w.nii.gz
adni_amygdala	035S6195	sub-035S6195_ses-20180207_T1w.nii.gz
adni_amygdala	035S6551	sub-035S6551_ses-20180815_T1w.nii.gz
adni_amygdala	035S7043	sub-035S7043_ses-20240307_T1w.nii.gz
adni_amygdala	036S4389	sub-036S4389_ses-20111207_run-01_T1w.nii.gz
adni_amygdala	036S4538	sub-036S4538_ses-20120305_run-01_T1w.nii.gz
adni_amygdala	036S4714	sub-036S4714_ses-20120511_run-01_T1w.nii.gz
adni_amygdala	036S4740	sub-036S4740_ses-20120525_run-01_T1w.nii.gz
adni_amygdala	036S4878	sub-036S4878_ses-20120802_run-01_T1w.nii.gz
adni_amygdala	036S4894	sub-036S4894_ses-20120809_run-01_T1w.nii.gz
adni_amygdala	036S5210	sub-036S5210_ses-20130612_run-02_T1w.nii.gz
adni_amygdala	036S6099	sub-036S6099_ses-20171025_T1w.nii.gz
adni_amygdala	036S6134	sub-036S6134_ses-20171204_T1w.nii.gz
adni_amygdala	036S6179	sub-036S6179_ses-20200901_T1w.nii.gz
adni_amygdala	036S6231	sub-036S6231_ses-20180305_T1w.nii.gz
adni_amygdala	036S6894	sub-036S6894_ses-20201118_T1w.nii.gz
adni_amygdala	036S7023	sub-036S7023_ses-20211103_T1w.nii.gz
adni_amygdala	036S7044	sub-036S7044_ses-20220221_T1w.nii.gz
adni_amygdala	037S0454	sub-037S0454_ses-20130114_run-01_T1w.nii.gz
adni_amygdala	037S0467	sub-037S0467_ses-20130515_run-02_T1w.nii.gz
adni_amygdala	037S0566	sub-037S0566_ses-20121206_run-01_T1w.nii.gz
adni_amygdala	037S10087	sub-037S10087_ses-20240604_T1w.nii.gz
adni_amygdala	037S10464	sub-037S10464_ses-20250415_T1w.nii.gz
adni_amygdala	037S4001	sub-037S4001_ses-20110221_run-01_T1w.nii.gz
adni_amygdala	037S4770	sub-037S4770_ses-20120709_run-01_T1w.nii.gz
adni_amygdala	037S5222	sub-037S5222_ses-20130711_run-02_T1w.nii.gz
adni_amygdala	037S6083	sub-037S6083_ses-20171010_T1w.nii.gz
adni_amygdala	037S6187	sub-037S6187_ses-20180314_T1w.nii.gz
adni_amygdala	037S6204	sub-037S6204_ses-20180309_T1w.nii.gz
adni_amygdala	037S6230	sub-037S6230_ses-20180601_T1w.nii.gz
adni_amygdala	037S6377	sub-037S6377_ses-20180706_T1w.nii.gz
adni_amygdala	037S6963	sub-037S6963_ses-20210809_T1w.nii.gz
adni_amygdala	041S10448	sub-041S10448_ses-20250212_T1w.nii.gz
adni_amygdala	041S10708	sub-041S10708_ses-20250604_T1w.nii.gz
adni_amygdala	041S10712	sub-041S10712_ses-20250516_T1w.nii.gz
adni_amygdala	041S10717	sub-041S10717_ses-20250529_T1w.nii.gz
adni_amygdala	041S4060	sub-041S4060_ses-20110601_run-01_T1w.nii.gz
adni_amygdala	041S4138	sub-041S4138_ses-20110722_run-01_T1w.nii.gz
adni_amygdala	041S4509	sub-041S4509_ses-20120210_run-01_T1w.nii.gz
adni_amygdala	041S4513	sub-041S4513_ses-20120229_run-01_T1w.nii.gz
adni_amygdala	041S4720	sub-041S4720_ses-20120514_run-01_T1w.nii.gz
adni_amygdala	041S5141	sub-041S5141_ses-20130418_run-01_T1w.nii.gz
adni_amygdala	041S5173	sub-041S5173_ses-20130515_run-02_T1w.nii.gz
adni_amygdala	041S5204	sub-041S5204_ses-20130611_run-01_T1w.nii.gz
adni_amygdala	051S4980	sub-051S4980_ses-20121029_run-01_T1w.nii.gz
adni_amygdala	051S5005	sub-051S5005_ses-20121106_run-01_T1w.nii.gz
adni_amygdala	052S0671	sub-052S0671_ses-20150717_run-01_T1w.nii.gz
adni_amygdala	052S10159	sub-052S10159_ses-20240718_T1w.nii.gz
adni_amygdala	052S10242	sub-052S10242_ses-20240924_T1w.nii.gz
adni_amygdala	052S10252	sub-052S10252_ses-20241001_T1w.nii.gz
adni_amygdala	052S10267	sub-052S10267_ses-20241031_T1w.nii.gz
adni_amygdala	052S10281	sub-052S10281_ses-20241211_T1w.nii.gz
adni_amygdala	052S10286	sub-052S10286_ses-20241022_T1w.nii.gz
adni_amygdala	052S10307	sub-052S10307_ses-20241223_T1w.nii.gz
adni_amygdala	052S10349	sub-052S10349_ses-20250103_T1w.nii.gz
adni_amygdala	052S4807	sub-052S4807_ses-20120727_run-01_T1w.nii.gz
adni_amygdala	052S4944	sub-052S4944_ses-20121019_run-01_T1w.nii.gz
adni_amygdala	052S4959	sub-052S4959_ses-20130304_run-01_T1w.nii.gz
adni_amygdala	052S6844	sub-052S6844_ses-20200103_T1w.nii.gz
adni_amygdala	053S4557	sub-053S4557_ses-20120308_run-01_T1w.nii.gz
adni_amygdala	053S6598	sub-053S6598_ses-20181011_T1w.nii.gz
adni_amygdala	053S7109	sub-053S7109_ses-20220922_T1w.nii.gz
adni_amygdala	057S4110	sub-057S4110_ses-20110708_run-02_T1w.nii.gz
adni_amygdala	057S4888	sub-057S4888_ses-20120803_run-01_T1w.nii.gz
adni_amygdala	057S4909	sub-057S4909_ses-20120823_run-01_T1w.nii.gz
adni_amygdala	057S6869	sub-057S6869_ses-20210224_T1w.nii.gz
adni_amygdala	067S0257	sub-067S0257_ses-20130820_run-02_T1w.nii.gz
adni_amygdala	067S10474	sub-067S10474_ses-20250224_T1w.nii.gz
adni_amygdala	067S10844	sub-067S10844_ses-20250721_T1w.nii.gz
adni_amygdala	067S2196	sub-067S2196_ses-20101122_run-01_T1w.nii.gz
adni_amygdala	067S4310	sub-067S4310_ses-20111027_run-01_T1w.nii.gz
adni_amygdala	067S5160	sub-067S5160_ses-20130517_run-01_T1w.nii.gz
adni_amygdala	067S6912	sub-067S6912_ses-20210415_T1w.nii.gz
adni_amygdala	067S7008	sub-067S7008_ses-20211006_T1w.nii.gz
adni_amygdala	068S4134	sub-068S4134_ses-20110728_run-01_T1w.nii.gz
adni_amygdala	068S4274	sub-068S4274_ses-20111010_run-01_T1w.nii.gz
adni_amygdala	068S4340	sub-068S4340_ses-20111128_run-01_T1w.nii.gz
adni_amygdala	068S4424	sub-068S4424_ses-20150602_run-01_T1w.nii.gz
adni_amygdala	068S4859	sub-068S4859_ses-20120803_run-01_T1w.nii.gz
adni_amygdala	068S5146	sub-068S5146_ses-20130515_run-01_T1w.nii.gz
adni_amygdala	068S5206	sub-068S5206_ses-20130626_run-01_T1w.nii.gz
adni_amygdala	070S10298	sub-070S10298_ses-20241120_T1w.nii.gz
adni_amygdala	070S4692	sub-070S4692_ses-20120508_run-01_T1w.nii.gz
adni_amygdala	070S4708	sub-070S4708_ses-20120815_run-01_T1w.nii.gz
adni_amygdala	070S4719	sub-070S4719_ses-20120521_run-01_T1w.nii.gz
adni_amygdala	070S6191	sub-070S6191_ses-20180130_run-01_T1w.nii.gz
adni_amygdala	070S6548	sub-070S6548_ses-20180808_run-01_T1w.nii.gz
adni_amygdala	070S6966	sub-070S6966_ses-20210628_run-02_T1w.nii.gz
adni_amygdala	072S4007	sub-072S4007_ses-20110308_run-01_T1w.nii.gz
adni_amygdala	072S4131	sub-072S4131_ses-20110725_run-01_T1w.nii.gz
adni_amygdala	072S4226	sub-072S4226_ses-20120420_run-01_T1w.nii.gz
adni_amygdala	072S4391	sub-072S4391_ses-20120106_run-01_T1w.nii.gz
adni_amygdala	072S4462	sub-072S4462_ses-20120202_run-01_T1w.nii.gz
adni_amygdala	072S4610	sub-072S4610_ses-20120330_run-01_T1w.nii.gz
adni_amygdala	072S4769	sub-072S4769_ses-20120712_run-01_T1w.nii.gz
adni_amygdala	072S4871	sub-072S4871_ses-20120809_run-01_T1w.nii.gz
adni_amygdala	073S0746	sub-073S0746_ses-20120213_run-01_T1w.nii.gz
adni_amygdala	073S10089	sub-073S10089_ses-20240529_T1w.nii.gz
adni_amygdala	073S10105	sub-073S10105_ses-20240502_T1w.nii.gz
adni_amygdala	073S10177	sub-073S10177_ses-20240916_T1w.nii.gz
adni_amygdala	073S10254	sub-073S10254_ses-20240924_T1w.nii.gz
adni_amygdala	073S2153	sub-073S2153_ses-20110316_run-01_T1w.nii.gz
adni_amygdala	073S2191	sub-073S2191_ses-20110107_run-01_T1w.nii.gz
adni_amygdala	073S4230	sub-073S4230_ses-20110909_run-01_T1w.nii.gz
adni_amygdala	073S4311	sub-073S4311_ses-20111017_run-01_T1w.nii.gz
adni_amygdala	073S4382	sub-073S4382_ses-20111115_run-01_T1w.nii.gz
adni_amygdala	073S4443	sub-073S4443_ses-20111222_run-01_T1w.nii.gz
adni_amygdala	073S4614	sub-073S4614_ses-20120316_run-01_T1w.nii.gz
adni_amygdala	073S4739	sub-073S4739_ses-20120516_run-01_T1w.nii.gz
adni_amygdala	073S4748	sub-073S4748_ses-20120518_run-01_T1w.nii.gz
adni_amygdala	073S4762	sub-073S4762_ses-20120524_run-01_T1w.nii.gz
adni_amygdala	073S4795	sub-073S4795_ses-20120606_run-01_T1w.nii.gz
adni_amygdala	073S4825	sub-073S4825_ses-20120626_run-01_T1w.nii.gz
adni_amygdala	073S4853	sub-073S4853_ses-20120711_run-01_T1w.nii.gz
adni_amygdala	073S5016	sub-073S5016_ses-20121025_run-01_T1w.nii.gz
adni_amygdala	073S5090	sub-073S5090_ses-20130207_run-01_T1w.nii.gz
adni_amygdala	073S6669	sub-073S6669_ses-20210426_T1w.nii.gz
adni_amygdala	082S10153	sub-082S10153_ses-20250521_T1w.nii.gz
adni_amygdala	082S10809	sub-082S10809_ses-20250609_T1w.nii.gz
adni_amygdala	082S2121	sub-082S2121_ses-20101012_run-01_T1w.nii.gz
adni_amygdala	082S5029	sub-082S5029_ses-20121114_run-01_T1w.nii.gz
adni_amygdala	082S5278	sub-082S5278_ses-20130815_run-02_T1w.nii.gz
adni_amygdala	082S6287	sub-082S6287_ses-20180515_run-02_T1w.nii.gz
adni_amygdala	082S7117	sub-082S7117_ses-20221103_run-02_T1w.nii.gz
adni_amygdala	094S2201	sub-094S2201_ses-20110103_run-01_T1w.nii.gz
adni_amygdala	094S4162	sub-094S4162_ses-20110816_run-01_T1w.nii.gz
adni_amygdala	094S4560	sub-094S4560_ses-20120316_run-01_T1w.nii.gz
adni_amygdala	094S4737	sub-094S4737_ses-20120828_run-01_T1w.nii.gz
adni_amygdala	094S6417	sub-094S6417_ses-20180622_T1w.nii.gz
adni_amygdala	098S10480	sub-098S10480_ses-20250312_T1w.nii.gz
adni_amygdala	098S10543	sub-098S10543_ses-20250311_T1w.nii.gz
adni_amygdala	098S4018	sub-098S4018_ses-20110422_run-01_T1w.nii.gz
adni_amygdala	098S4201	sub-098S4201_ses-20110914_run-01_T1w.nii.gz
adni_amygdala	099S2042	sub-099S2042_ses-20100818_run-01_T1w.nii.gz
adni_amygdala	099S2205	sub-099S2205_ses-20101130_run-01_T1w.nii.gz
adni_amygdala	099S4475	sub-099S4475_ses-20120201_run-01_T1w.nii.gz
adni_amygdala	099S4994	sub-099S4994_ses-20121203_run-01_T1w.nii.gz
adni_amygdala	099S6396	sub-099S6396_ses-20180605_T1w.nii.gz
adni_amygdala	100S10034	sub-100S10034_ses-20240202_run-01_T1w.nii.gz
adni_amygdala	100S10036	sub-100S10036_ses-20240326_run-01_T1w.nii.gz
adni_amygdala	100S10108	sub-100S10108_ses-20240709_run-01_T1w.nii.gz
adni_amygdala	100S5102	sub-100S5102_ses-20130329_run-01_T1w.nii.gz
adni_amygdala	100S5106	sub-100S5106_ses-20130422_run-01_T1w.nii.gz
adni_amygdala	100S6273	sub-100S6273_ses-20180402_T1w.nii.gz
adni_amygdala	100S6493	sub-100S6493_ses-20180918_T1w.nii.gz
adni_amygdala	100S6578	sub-100S6578_ses-20180927_T1w.nii.gz
adni_amygdala	109S4260	sub-109S4260_ses-20111014_run-01_T1w.nii.gz
adni_amygdala	109S4378	sub-109S4378_ses-20111206_run-01_T1w.nii.gz
adni_amygdala	109S6215	sub-109S6215_ses-20180313_run-01_T1w.nii.gz
adni_amygdala	109S6221	sub-109S6221_ses-20180717_run-02_T1w.nii.gz
adni_amygdala	109S6300	sub-109S6300_ses-20180725_run-01_T1w.nii.gz
adni_amygdala	114S10442	sub-114S10442_ses-20250131_T1w.nii.gz
adni_amygdala	114S10615	sub-114S10615_ses-20250325_T1w.nii.gz
adni_amygdala	114S10841	sub-114S10841_ses-20250708_T1w.nii.gz
adni_amygdala	114S6368	sub-114S6368_ses-20180703_run-01_T1w.nii.gz
adni_amygdala	116S4195	sub-116S4195_ses-20110831_run-01_T1w.nii.gz
adni_amygdala	116S4209	sub-116S4209_ses-20110829_run-01_T1w.nii.gz
adni_amygdala	116S4537	sub-116S4537_ses-20120216_run-01_T1w.nii.gz
adni_amygdala	116S4855	sub-116S4855_ses-20120720_run-01_T1w.nii.gz
adni_amygdala	116S6439	sub-116S6439_ses-20180629_run-01_T1w.nii.gz
adni_amygdala	116S6543	sub-116S6543_ses-20180821_run-02_T1w.nii.gz
adni_amygdala	116S6624	sub-116S6624_ses-20181102_run-01_T1w.nii.gz
adni_amygdala	116S6775	sub-116S6775_ses-20190815_run-02_T1w.nii.gz
adni_amygdala	123S0106	sub-123S0106_ses-20170628_T1w.nii.gz
adni_amygdala	123S10776	sub-123S10776_ses-20250514_run-01_T1w.nii.gz
adni_amygdala	123S4526	sub-123S4526_ses-20120209_run-01_T1w.nii.gz
adni_amygdala	126S4458	sub-126S4458_ses-20120120_run-01_T1w.nii.gz
adni_amygdala	126S4494	sub-126S4494_ses-20120131_run-01_T1w.nii.gz
adni_amygdala	126S4712	sub-126S4712_ses-20120508_run-01_T1w.nii.gz
adni_amygdala	126S7060	sub-126S7060_ses-20220425_T1w.nii.gz
adni_amygdala	126S7083	sub-126S7083_ses-20220615_T1w.nii.gz
adni_amygdala	127S4148	sub-127S4148_ses-20110811_run-01_T1w.nii.gz
adni_amygdala	127S4197	sub-127S4197_ses-20110822_run-01_T1w.nii.gz
adni_amygdala	127S4198	sub-127S4198_ses-20110901_run-01_T1w.nii.gz
adni_amygdala	127S4500	sub-127S4500_ses-20120208_run-01_T1w.nii.gz
adni_amygdala	127S4843	sub-127S4843_ses-20120718_run-01_T1w.nii.gz
adni_amygdala	127S4928	sub-127S4928_ses-20120905_run-01_T1w.nii.gz
adni_amygdala	127S5028	sub-127S5028_ses-20121114_run-01_T1w.nii.gz
adni_amygdala	127S5056	sub-127S5056_ses-20130103_run-01_T1w.nii.gz
adni_amygdala	127S5058	sub-127S5058_ses-20130110_run-01_T1w.nii.gz
adni_amygdala	127S5067	sub-127S5067_ses-20130204_run-01_T1w.nii.gz
adni_amygdala	127S5095	sub-127S5095_ses-20130227_run-01_T1w.nii.gz
adni_amygdala	127S5132	sub-127S5132_ses-20130425_run-01_T1w.nii.gz
adni_amygdala	127S6357	sub-127S6357_ses-20180723_T1w.nii.gz
adni_amygdala	127S6433	sub-127S6433_ses-20180801_T1w.nii.gz
adni_amygdala	127S6549	sub-127S6549_ses-20181003_T1w.nii.gz
adni_amygdala	128S2002	sub-128S2002_ses-20100617_run-01_T1w.nii.gz
adni_amygdala	128S2123	sub-128S2123_ses-20101021_run-01_T1w.nii.gz
adni_amygdala	128S4553	sub-128S4553_ses-20120220_run-01_T1w.nii.gz
adni_amygdala	128S4609	sub-128S4609_ses-20120404_run-01_T1w.nii.gz
adni_amygdala	128S4671	sub-128S4671_ses-20120502_run-01_T1w.nii.gz
adni_amygdala	128S4745	sub-128S4745_ses-20120607_run-01_T1w.nii.gz
adni_amygdala	128S4774	sub-128S4774_ses-20120621_run-01_T1w.nii.gz
adni_amygdala	128S4792	sub-128S4792_ses-20120618_run-01_T1w.nii.gz
adni_amygdala	128S4832	sub-128S4832_ses-20120709_run-01_T1w.nii.gz
adni_amygdala	128S5123	sub-128S5123_ses-20121220_run-01_T1w.nii.gz
adni_amygdala	129S0778	sub-129S0778_ses-20120913_run-01_T1w.nii.gz
adni_amygdala	129S4073	sub-129S4073_ses-20120723_run-01_T1w.nii.gz
adni_amygdala	129S4369	sub-129S4369_ses-20120807_run-01_T1w.nii.gz
adni_amygdala	129S6304	sub-129S6304_ses-20180416_T1w.nii.gz
adni_amygdala	129S6763	sub-129S6763_ses-20190715_T1w.nii.gz
adni_amygdala	129S6784	sub-129S6784_ses-20190731_T1w.nii.gz
adni_amygdala	130S10192	sub-130S10192_ses-20240822_run-01_T1w.nii.gz
adni_amygdala	130S10344	sub-130S10344_ses-20241121_run-01_T1w.nii.gz
adni_amygdala	130S10433	sub-130S10433_ses-20250127_run-01_T1w.nii.gz
adni_amygdala	130S10592	sub-130S10592_ses-20250313_run-01_T1w.nii.gz
adni_amygdala	130S10760	sub-130S10760_ses-20250522_run-01_T1w.nii.gz
adni_amygdala	130S2403	sub-130S2403_ses-20121018_run-01_T1w.nii.gz
adni_amygdala	130S4352	sub-130S4352_ses-20111115_run-01_T1w.nii.gz
adni_amygdala	130S4417	sub-130S4417_ses-20120118_run-01_T1w.nii.gz
adni_amygdala	130S4589	sub-130S4589_ses-20120319_run-01_T1w.nii.gz
adni_amygdala	130S4641	sub-130S4641_ses-20120404_run-01_T1w.nii.gz
adni_amygdala	130S4660	sub-130S4660_ses-20120418_run-01_T1w.nii.gz
adni_amygdala	130S4817	sub-130S4817_ses-20120703_run-01_T1w.nii.gz
adni_amygdala	130S4883	sub-130S4883_ses-20120810_run-01_T1w.nii.gz
adni_amygdala	130S4971	sub-130S4971_ses-20121017_run-01_T1w.nii.gz
adni_amygdala	130S4982	sub-130S4982_ses-20121023_run-01_T1w.nii.gz
adni_amygdala	130S4984	sub-130S4984_ses-20121017_run-01_T1w.nii.gz
adni_amygdala	130S4990	sub-130S4990_ses-20121026_run-01_T1w.nii.gz
adni_amygdala	130S5059	sub-130S5059_ses-20130206_run-01_T1w.nii.gz
adni_amygdala	130S5231	sub-130S5231_ses-20130716_run-01_T1w.nii.gz
adni_amygdala	130S6072	sub-130S6072_ses-20170825_run-01_T1w.nii.gz
adni_amygdala	130S6161	sub-130S6161_ses-20180103_T1w.nii.gz
adni_amygdala	130S6604	sub-130S6604_ses-20181012_T1w.nii.gz
adni_amygdala	130S6639	sub-130S6639_ses-20181204_T1w.nii.gz
adni_amygdala	131S0123	sub-131S0123_ses-20150303_run-01_T1w.nii.gz
adni_amygdala	131S5138	sub-131S5138_ses-20130402_run-01_T1w.nii.gz
adni_amygdala	131S6170	sub-131S6170_ses-20211110_T1w.nii.gz
adni_amygdala	131S6519	sub-131S6519_ses-20201001_T1w.nii.gz
adni_amygdala	131S6805	sub-131S6805_ses-20190912_T1w.nii.gz
adni_amygdala	135S10832	sub-135S10832_ses-20250625_T1w.nii.gz
adni_amygdala	135S4356	sub-135S4356_ses-20111110_run-01_T1w.nii.gz
adni_amygdala	135S4489	sub-135S4489_ses-20120202_run-01_T1w.nii.gz
adni_amygdala	135S4676	sub-135S4676_ses-20120419_run-01_T1w.nii.gz
adni_amygdala	135S4689	sub-135S4689_ses-20120427_run-01_T1w.nii.gz
adni_amygdala	135S4710	sub-135S4710_ses-20120510_run-01_T1w.nii.gz
adni_amygdala	135S4722	sub-135S4722_ses-20120516_run-01_T1w.nii.gz
adni_amygdala	135S5015	sub-135S5015_ses-20121113_run-01_T1w.nii.gz
adni_amygdala	135S5275	sub-135S5275_ses-20130805_run-01_T1w.nii.gz
adni_amygdala	135S6284	sub-135S6284_ses-20180502_T1w.nii.gz
adni_amygdala	135S6389	sub-135S6389_ses-20180529_T1w.nii.gz
adni_amygdala	135S6411	sub-135S6411_ses-20180604_T1w.nii.gz
adni_amygdala	135S6509	sub-135S6509_ses-20180716_T1w.nii.gz
adni_amygdala	135S6510	sub-135S6510_ses-20180719_T1w.nii.gz
adni_amygdala	135S6703	sub-135S6703_ses-20190326_run-01_T1w.nii.gz
adni_amygdala	135S7003	sub-135S7003_ses-20210920_run-01_T1w.nii.gz
adni_amygdala	136S0186	sub-136S0186_ses-20121011_run-01_T1w.nii.gz
adni_amygdala	136S4433	sub-136S4433_ses-20120116_run-01_T1w.nii.gz
adni_amygdala	136S4726	sub-136S4726_ses-20120605_run-01_T1w.nii.gz
adni_amygdala	136S4993	sub-136S4993_ses-20121024_run-01_T1w.nii.gz
adni_amygdala	137S0301	sub-137S0301_ses-20120420_run-01_T1w.nii.gz
adni_amygdala	137S4211	sub-137S4211_ses-20110921_run-01_T1w.nii.gz
adni_amygdala	137S4351	sub-137S4351_ses-20111202_run-01_T1w.nii.gz
adni_amygdala	137S4672	sub-137S4672_ses-20120416_run-01_T1w.nii.gz
adni_amygdala	137S6659	sub-137S6659_ses-20190115_T1w.nii.gz
adni_amygdala	137S6693	sub-137S6693_ses-20210222_T1w.nii.gz
adni_amygdala	137S6812	sub-137S6812_ses-20191108_T1w.nii.gz
adni_amygdala	137S6903	sub-137S6903_ses-20240423_T1w.nii.gz
adni_amygdala	137S6906	sub-137S6906_ses-20210614_T1w.nii.gz
adni_amygdala	141S1052	sub-141S1052_ses-20131221_run-01_T1w.nii.gz
adni_amygdala	141S4711	sub-141S4711_ses-20120512_run-01_T1w.nii.gz
adni_amygdala	141S6015	sub-141S6015_ses-20170511_run-01_T1w.nii.gz
adni_amygdala	141S6178	sub-141S6178_ses-20190227_run-01_T1w.nii.gz
adni_amygdala	141S6779	sub-141S6779_ses-20201027_run-02_T1w.nii.gz
adni_amygdala	153S4165	sub-153S4165_ses-20110817_run-01_T1w.nii.gz
adni_amygdala	153S4172	sub-153S4172_ses-20110817_run-01_T1w.nii.gz
adni_amygdala	153S6274	sub-153S6274_ses-20180322_T1w.nii.gz
adni_amygdala	158S10782	sub-158S10782_ses-20250722_run-01_T1w.nii.gz
adni_amygdala	158S10862	sub-158S10862_ses-20250807_run-01_T1w.nii.gz
adni_amygdala	168S6049	sub-168S6049_ses-20171011_T1w.nii.gz
adni_amygdala	168S6065	sub-168S6065_ses-20170905_T1w.nii.gz
adni_amygdala	168S6108	sub-168S6108_ses-20171113_T1w.nii.gz
adni_amygdala	168S6142	sub-168S6142_ses-20171218_T1w.nii.gz
adni_amygdala	168S6318	sub-168S6318_ses-20180419_T1w.nii.gz
adni_amygdala	168S6350	sub-168S6350_ses-20180514_T1w.nii.gz
adni_amygdala	168S6492	sub-168S6492_ses-20180806_T1w.nii.gz
adni_amygdala	168S6634	sub-168S6634_ses-20181127_T1w.nii.gz
adni_amygdala	168S6817	sub-168S6817_ses-20191003_T1w.nii.gz
adni_amygdala	168S6827	sub-168S6827_ses-20191010_T1w.nii.gz
adni_amygdala	168S6874	sub-168S6874_ses-20200622_T1w.nii.gz
adni_amygdala	168S6921	sub-168S6921_ses-20210406_T1w.nii.gz
adni_amygdala	301S10194	sub-301S10194_ses-20240809_run-01_T1w.nii.gz
adni_amygdala	301S6224	sub-301S6224_ses-20180213_T1w.nii.gz
adni_amygdala	301S6592	sub-301S6592_ses-20181023_T1w.nii.gz
adni_amygdala	301S6698	sub-301S6698_ses-20190329_T1w.nii.gz
adni_amygdala	305S6157	sub-305S6157_ses-20180126_T1w.nii.gz
adni_amygdala	305S6378	sub-305S6378_ses-20180519_T1w.nii.gz
adni_amygdala	305S6742	sub-305S6742_ses-20190622_T1w.nii.gz
adni_amygdala	305S6810	sub-305S6810_ses-20191102_T1w.nii.gz
adni_amygdala	305S6850	sub-305S6850_ses-20200129_T1w.nii.gz
adni_amygdala	305S6877	sub-305S6877_ses-20200723_T1w.nii.gz
adni_amygdala	305S6881	sub-305S6881_ses-20200824_T1w.nii.gz
adni_amygdala	389S10251	sub-389S10251_ses-20241112_T1w.nii.gz
adni_amygdala	389S10860	sub-389S10860_ses-20250707_T1w.nii.gz
adni_amygdala	405S10445	sub-405S10445_ses-20250127_run-01_T1w.nii.gz
adni_amygdala	405S10539	sub-405S10539_ses-20250303_run-01_T1w.nii.gz
adni_amygdala	941S10001	sub-941S10001_ses-20230906_T1w.nii.gz
adni_amygdala	941S10002	sub-941S10002_ses-20230823_T1w.nii.gz
adni_amygdala	941S10039	sub-941S10039_ses-20240212_T1w.nii.gz
adni_amygdala	941S10051	sub-941S10051_ses-20250218_T1w.nii.gz
adni_amygdala	941S10148	sub-941S10148_ses-20240715_T1w.nii.gz
adni_amygdala	941S10169	sub-941S10169_ses-20240717_T1w.nii.gz
adni_amygdala	941S10279	sub-941S10279_ses-20241015_T1w.nii.gz
adni_amygdala	941S1202	sub-941S1202_ses-20110616_run-01_T1w.nii.gz
adni_amygdala	941S4100	sub-941S4100_ses-20110718_run-01_T1w.nii.gz
adni_amygdala	941S4365	sub-941S4365_ses-20111122_run-01_T1w.nii.gz
adni_amygdala	941S6052	sub-941S6052_ses-20170720_T1w.nii.gz
adni_amygdala	941S6054	sub-941S6054_ses-20170728_T1w.nii.gz
adni_amygdala	941S6496	sub-941S6496_ses-20180717_T1w.nii.gz
adni_amygdala	941S6546	sub-941S6546_ses-20180808_T1w.nii.gz
adni_amygdala	941S6803	sub-941S6803_ses-20190916_T1w.nii.gz
adni_amygdala	941S6962	sub-941S6962_ses-20210713_T1w.nii.gz
adni_amygdala	941S7041	sub-941S7041_ses-20220214_T1w.nii.gz
adni_amygdala	941S7046	sub-941S7046_ses-20220308_T1w.nii.gz
adni_temporal_horns	002S4219	sub-002S4219_ses-20110914_run-01_T1w.nii.gz
adni_temporal_horns	002S4251	sub-002S4251_ses-20110926_run-01_T1w.nii.gz
adni_temporal_horns	002S4262	sub-002S4262_ses-20111005_run-01_T1w.nii.gz
adni_temporal_horns	002S4799	sub-002S4799_ses-20120621_run-01_T1w.nii.gz
adni_temporal_horns	002S6007	sub-002S6007_ses-20170331_T1w.nii.gz
adni_temporal_horns	003S10622	sub-003S10622_ses-20250326_T1w.nii.gz
adni_temporal_horns	003S4136	sub-003S4136_ses-20120105_run-01_T1w.nii.gz
adni_temporal_horns	003S4142	sub-003S4142_ses-20110831_run-01_T1w.nii.gz
adni_temporal_horns	003S4152	sub-003S4152_ses-20110830_run-01_T1w.nii.gz
adni_temporal_horns	003S4288	sub-003S4288_ses-20111020_run-01_T1w.nii.gz
adni_temporal_horns	003S4350	sub-003S4350_ses-20111109_run-01_T1w.nii.gz
adni_temporal_horns	003S4373	sub-003S4373_ses-20111215_run-01_T1w.nii.gz
adni_temporal_horns	003S4644	sub-003S4644_ses-20120419_run-01_T1w.nii.gz
adni_temporal_horns	003S5165	sub-003S5165_ses-20130516_run-01_T1w.nii.gz
adni_temporal_horns	003S5187	sub-003S5187_ses-20130607_run-01_T1w.nii.gz
adni_temporal_horns	003S6092	sub-003S6092_ses-20171208_T1w.nii.gz
adni_temporal_horns	003S6479	sub-003S6479_ses-20191025_T1w.nii.gz
adni_temporal_horns	003S6833	sub-003S6833_ses-20191107_T1w.nii.gz
adni_temporal_horns	003S6954	sub-003S6954_ses-20210526_T1w.nii.gz
adni_temporal_horns	003S6996	sub-003S6996_ses-20210823_T1w.nii.gz
adni_temporal_horns	005S0602	sub-005S0602_ses-20171030_T1w.nii.gz
adni_temporal_horns	005S10100	sub-005S10100_ses-20240513_T1w.nii.gz
adni_temporal_horns	005S10300	sub-005S10300_ses-20250103_T1w.nii.gz
adni_temporal_horns	005S4168	sub-005S4168_ses-20110817_run-01_T1w.nii.gz
adni_temporal_horns	005S4910	sub-005S4910_ses-20121213_run-01_T1w.nii.gz
adni_temporal_horns	005S5038	sub-005S5038_ses-20121213_run-01_T1w.nii.gz
adni_temporal_horns	005S5119	sub-005S5119_ses-20130328_run-01_T1w.nii.gz
adni_temporal_horns	005S6393	sub-005S6393_ses-20221014_T1w.nii.gz
adni_temporal_horns	006S10504	sub-006S10504_ses-20250224_run-01_T1w.nii.gz
adni_temporal_horns	006S4153	sub-006S4153_ses-20110803_run-01_T1w.nii.gz
adni_temporal_horns	006S4192	sub-006S4192_ses-20110927_run-01_T1w.nii.gz
adni_temporal_horns	006S4515	sub-006S4515_ses-20120207_run-01_T1w.nii.gz
adni_temporal_horns	006S4867	sub-006S4867_ses-20120807_run-01_T1w.nii.gz
adni_temporal_horns	006S6500	sub-006S6500_ses-20180730_T1w.nii.gz
adni_temporal_horns	006S6682	sub-006S6682_ses-20190228_T1w.nii.gz
adni_temporal_horns	006S6689	sub-006S6689_ses-20190227_T1w.nii.gz
adni_temporal_horns	007S10075	sub-007S10075_ses-20240405_T1w.nii.gz
adni_temporal_horns	007S2106	sub-007S2106_ses-20100927_run-01_T1w.nii.gz
adni_temporal_horns	007S4272	sub-007S4272_ses-20111017_run-01_T1w.nii.gz
adni_temporal_horns	007S4568	sub-007S4568_ses-20120301_run-01_T1w.nii.gz
adni_temporal_horns	007S4911	sub-007S4911_ses-20121119_run-01_T1w.nii.gz
adni_temporal_horns	009S1030	sub-009S1030_ses-20111114_run-01_T1w.nii.gz
adni_temporal_horns	009S4388	sub-009S4388_ses-20111213_run-01_T1w.nii.gz
adni_temporal_horns	009S4903	sub-009S4903_ses-20120911_run-01_T1w.nii.gz
adni_temporal_horns	009S5000	sub-009S5000_ses-20121026_run-01_T1w.nii.gz
adni_temporal_horns	009S5037	sub-009S5037_ses-20130108_run-01_T1w.nii.gz
adni_temporal_horns	009S5176	sub-009S5176_ses-20130515_run-02_T1w.nii.gz
adni_temporal_horns	009S5224	sub-009S5224_ses-20130711_run-02_T1w.nii.gz
adni_temporal_horns	009S6212	sub-009S6212_ses-20180226_T1w.nii.gz
adni_temporal_horns	010S10867	sub-010S10867_ses-20250722_T1w.nii.gz
adni_temporal_horns	010S10871	sub-010S10871_ses-20250812_T1w.nii.gz
adni_temporal_horns	010S5163	sub-010S5163_ses-20130529_run-02_T1w.nii.gz
adni_temporal_horns	011S0021	sub-011S0021_ses-20101008_run-01_T1w.nii.gz
adni_temporal_horns	011S1080	sub-011S1080_ses-20101222_T1w.nii.gz
adni_temporal_horns	011S4906	sub-011S4906_ses-20120813_run-01_T1w.nii.gz
adni_temporal_horns	011S6303	sub-011S6303_ses-20180412_T1w.nii.gz
adni_temporal_horns	011S7028	sub-011S7028_ses-20220311_T1w.nii.gz
adni_temporal_horns	012S4012	sub-012S4012_ses-20110720_run-01_T1w.nii.gz
adni_temporal_horns	012S4849	sub-012S4849_ses-20120724_run-02_T1w.nii.gz
adni_temporal_horns	012S5121	sub-012S5121_ses-20150430_run-01_T1w.nii.gz
adni_temporal_horns	012S6073	sub-012S6073_ses-20170922_T1w.nii.gz
adni_temporal_horns	013S4917	sub-013S4917_ses-20120831_run-01_T1w.nii.gz
adni_temporal_horns	013S6768	sub-013S6768_ses-20190719_run-02_T1w.nii.gz
adni_temporal_horns	013S6780	sub-013S6780_ses-20190808_run-01_T1w.nii.gz
adni_temporal_horns	013S7103	sub-013S7103_ses-20221024_run-02_T1w.nii.gz
adni_temporal_horns	014S10236	sub-014S10236_ses-20240916_T1w.nii.gz
adni_temporal_horns	014S10351	sub-014S10351_ses-20250114_T1w.nii.gz
adni_temporal_horns	014S10409	sub-014S10409_ses-20250217_T1w.nii.gz
adni_temporal_horns	014S4039	sub-014S4039_ses-20110602_run-01_T1w.nii.gz
adni_temporal_horns	016S4121	sub-016S4121_ses-20110715_run-01_T1w.nii.gz
adni_temporal_horns	016S4353	sub-016S4353_ses-20111118_run-01_T1w.nii.gz
adni_temporal_horns	016S4583	sub-016S4583_ses-20120329_run-01_T1w.nii.gz
adni_temporal_horns	016S4591	sub-016S4591_ses-20120322_run-01_T1w.nii.gz
adni_temporal_horns	016S4646	sub-016S4646_ses-20120510_run-01_T1w.nii.gz
adni_temporal_horns	016S4902	sub-016S4902_ses-20120821_run-01_T1w.nii.gz
adni_temporal_horns	016S4963	sub-016S4963_ses-20121010_run-01_T1w.nii.gz
adni_temporal_horns	016S5031	sub-016S5031_ses-20130213_run-01_T1w.nii.gz
adni_temporal_horns	016S5032	sub-016S5032_ses-20121129_run-01_T1w.nii.gz
adni_temporal_horns	016S5057	sub-016S5057_ses-20130225_run-01_T1w.nii.gz
adni_temporal_horns	016S6708	sub-016S6708_ses-20190326_T1w.nii.gz
adni_temporal_horns	016S6771	sub-016S6771_ses-20190717_T1w.nii.gz
adni_temporal_horns	016S6836	sub-016S6836_ses-20191119_T1w.nii.gz
adni_temporal_horns	016S6839	sub-016S6839_ses-20191203_T1w.nii.gz
adni_temporal_horns	016S7039	sub-016S7039_ses-20220120_T1w.nii.gz
adni_temporal_horns	018S2155	sub-018S2155_ses-20110302_run-01_T1w.nii.gz
adni_temporal_horns	018S4399	sub-018S4399_ses-20111215_run-01_T1w.nii.gz
adni_temporal_horns	018S4696	sub-018S4696_ses-20120501_run-01_T1w.nii.gz
adni_temporal_horns	018S4733	sub-018S4733_ses-20120523_run-01_T1w.nii.gz
adni_temporal_horns	018S5074	sub-018S5074_ses-20130215_run-01_T1w.nii.gz
adni_temporal_horns	018S5240	sub-018S5240_ses-20130723_run-02_T1w.nii.gz
adni_temporal_horns	019S10705	sub-019S10705_ses-20250513_T1w.nii.gz
adni_temporal_horns	019S4477	sub-019S4477_ses-20120125_run-01_T1w.nii.gz
adni_temporal_horns	019S4549	sub-019S4549_ses-20120423_run-01_T1w.nii.gz
adni_temporal_horns	019S4835	sub-019S4835_ses-20120710_run-01_T1w.nii.gz
adni_temporal_horns	020S4920	sub-020S4920_ses-20120913_run-01_T1w.nii.gz
adni_temporal_horns	020S6449	sub-020S6449_ses-20180706_T1w.nii.gz
adni_temporal_horns	020S6470	sub-020S6470_ses-20180716_T1w.nii.gz
adni_temporal_horns	021S2142	sub-021S2142_ses-20101022_run-01_T1w.nii.gz
adni_temporal_horns	021S4718	sub-021S4718_ses-20120516_run-01_T1w.nii.gz
adni_temporal_horns	021S5237	sub-021S5237_ses-20130627_run-01_T1w.nii.gz
adni_temporal_horns	021S7045	sub-021S7045_ses-20220222_T1w.nii.gz
adni_temporal_horns	021S7055	sub-021S7055_ses-20220318_T1w.nii.gz
adni_temporal_horns	022S10132	sub-022S10132_ses-20240603_T1w.nii.gz
adni_temporal_horns	022S10143	sub-022S10143_ses-20240702_T1w.nii.gz
adni_temporal_horns	022S10306	sub-022S10306_ses-20250117_T1w.nii.gz
adni_temporal_horns	022S10323	sub-022S10323_ses-20241219_T1w.nii.gz
adni_temporal_horns	022S10343	sub-022S10343_ses-20250122_T1w.nii.gz
adni_temporal_horns	022S10381	sub-022S10381_ses-20250128_T1w.nii.gz
adni_temporal_horns	022S2087	sub-022S2087_ses-20101005_run-01_T1w.nii.gz
adni_temporal_horns	022S4444	sub-022S4444_ses-20120214_run-01_T1w.nii.gz
adni_temporal_horns	022S6013	sub-022S6013_ses-20170426_run-02_T1w.nii.gz
adni_temporal_horns	022S6280	sub-022S6280_ses-20180406_run-02_T1w.nii.gz
adni_temporal_horns	022S6796	sub-022S6796_ses-20190903_T1w.nii.gz
adni_temporal_horns	022S6863	sub-022S6863_ses-20200820_T1w.nii.gz
adni_temporal_horns	023S0031	sub-023S0031_ses-20180417_T1w.nii.gz
adni_temporal_horns	023S10094	sub-023S10094_ses-20240403_T1w.nii.gz
adni_temporal_horns	023S10752	sub-023S10752_ses-20250523_T1w.nii.gz
adni_temporal_horns	023S1190	sub-023S1190_ses-20171023_T1w.nii.gz
adni_temporal_horns	023S4020	sub-023S4020_ses-20110503_run-01_T1w.nii.gz
adni_temporal_horns	023S4501	sub-023S4501_ses-20120322_run-01_T1w.nii.gz
adni_temporal_horns	023S4502	sub-023S4502_ses-20120306_run-01_T1w.nii.gz
adni_temporal_horns	023S4796	sub-023S4796_ses-20120822_run-01_T1w.nii.gz
adni_temporal_horns	023S6400	sub-023S6400_ses-20180530_T1w.nii.gz
adni_temporal_horns	023S6547	sub-023S6547_ses-20180807_T1w.nii.gz
adni_temporal_horns	024S2239	sub-024S2239_ses-20101203_run-01_T1w.nii.gz
adni_temporal_horns	024S4223	sub-024S4223_ses-20110912_run-01_T1w.nii.gz
adni_temporal_horns	024S4280	sub-024S4280_ses-20111018_run-01_T1w.nii.gz
adni_temporal_horns	024S5054	sub-024S5054_ses-20121220_run-01_T1w.nii.gz
adni_temporal_horns	024S5290	sub-024S5290_ses-20170912_T1w.nii.gz
adni_temporal_horns	027S10289	sub-027S10289_ses-20241108_T1w.nii.gz
adni_temporal_horns	027S10438	sub-027S10438_ses-20250130_T1w.nii.gz
adni_temporal_horns	027S10457	sub-027S10457_ses-20250130_T1w.nii.gz
adni_temporal_horns	027S2336	sub-027S2336_ses-20110320_run-01_T1w.nii.gz
adni_temporal_horns	027S4802	sub-027S4802_ses-20120722_run-01_T1w.nii.gz
adni_temporal_horns	027S4804	sub-027S4804_ses-20120716_run-01_T1w.nii.gz
adni_temporal_horns	027S4964	sub-027S4964_ses-20121006_run-01_T1w.nii.gz
adni_temporal_horns	027S4966	sub-027S4966_ses-20121013_run-01_T1w.nii.gz
adni_temporal_horns	027S5109	sub-027S5109_ses-20130325_run-01_T1w.nii.gz
adni_temporal_horns	027S5170	sub-027S5170_ses-20130523_run-01_T1w.nii.gz
adni_temporal_horns	027S5197	sub-027S5197_ses-20130609_run-01_T1w.nii.gz
adni_temporal_horns	027S6183	sub-027S6183_ses-20180201_T1w.nii.gz
adni_temporal_horns	027S6516	sub-027S6516_ses-20180816_T1w.nii.gz
adni_temporal_horns	027S6640	sub-027S6640_ses-20181226_T1w.nii.gz
adni_temporal_horns	027S6643	sub-027S6643_ses-20181226_T1w.nii.gz
adni_temporal_horns	027S6648	sub-027S6648_ses-20190102_T1w.nii.gz
adni_temporal_horns	027S6788	sub-027S6788_ses-20190805_T1w.nii.gz
adni_temporal_horns	027S6842	sub-027S6842_ses-20200131_T1w.nii.gz
adni_temporal_horns	027S6849	sub-027S6849_ses-20200210_T1w.nii.gz
adni_temporal_horns	027S7054	sub-027S7054_ses-20220318_T1w.nii.gz
adni_temporal_horns	029S5166	sub-029S5166_ses-20130522_run-02_T1w.nii.gz
adni_temporal_horns	029S5219	sub-029S5219_ses-20130625_run-02_T1w.nii.gz
adni_temporal_horns	029S6505	sub-029S6505_ses-20180906_T1w.nii.gz
adni_temporal_horns	029S6579	sub-029S6579_ses-20180912_T1w.nii.gz
adni_temporal_horns	031S2022	sub-031S2022_ses-20100714_run-01_T1w.nii.gz
adni_temporal_horns	031S2233	sub-031S2233_ses-20101215_run-01_T1w.nii.gz
adni_temporal_horns	031S4005	sub-031S4005_ses-20110404_run-01_T1w.nii.gz
adni_temporal_horns	031S4218	sub-031S4218_ses-20110908_run-01_T1w.nii.gz
adni_temporal_horns	031S4590	sub-031S4590_ses-20120315_run-01_T1w.nii.gz
adni_temporal_horns	032S2119	sub-032S2119_ses-20101005_run-01_T1w.nii.gz
adni_temporal_horns	032S2247	sub-032S2247_ses-20101222_run-01_T1w.nii.gz
adni_temporal_horns	032S4755	sub-032S4755_ses-20120702_run-01_T1w.nii.gz
adni_temporal_horns	032S6294	sub-032S6294_ses-20180503_T1w.nii.gz
adni_temporal_horns	032S6600	sub-032S6600_ses-20181019_T1w.nii.gz
adni_temporal_horns	033S10009	sub-033S10009_ses-20230926_T1w.nii.gz
adni_temporal_horns	033S10025	sub-033S10025_ses-20231218_T1w.nii.gz
adni_temporal_horns	033S10092	sub-033S10092_ses-20240423_T1w.nii.gz
adni_temporal_horns	033S10144	sub-033S10144_ses-20240705_T1w.nii.gz
adni_temporal_horns	033S1016	sub-033S1016_ses-20171206_T1w.nii.gz
adni_temporal_horns	033S10175	sub-033S10175_ses-20240726_T1w.nii.gz
adni_temporal_horns	033S1098	sub-033S1098_ses-20171204_T1w.nii.gz
adni_temporal_horns	033S4505	sub-033S4505_ses-20130219_run-01_T1w.nii.gz
adni_temporal_horns	033S5013	sub-033S5013_ses-20130607_run-02_T1w.nii.gz
adni_temporal_horns	033S5087	sub-033S5087_ses-20130214_run-01_T1w.nii.gz
adni_temporal_horns	033S5198	sub-033S5198_ses-20130603_run-02_T1w.nii.gz
adni_temporal_horns	033S5259	sub-033S5259_ses-20130725_run-02_T1w.nii.gz
adni_temporal_horns	033S6572	sub-033S6572_ses-20180904_T1w.nii.gz
adni_temporal_horns	033S6697	sub-033S6697_ses-20190314_T1w.nii.gz
adni_temporal_horns	033S6705	sub-033S6705_ses-20190326_T1w.nii.gz
adni_temporal_horns	033S6824	sub-033S6824_ses-20191001_T1w.nii.gz
adni_temporal_horns	033S6976	sub-033S6976_ses-20210702_T1w.nii.gz
adni_temporal_horns	033S7066	sub-033S7066_ses-20220418_T1w.nii.gz
adni_temporal_horns	033S7114	sub-033S7114_ses-20221021_T1w.nii.gz
adni_temporal_horns	035S0555	sub-035S0555_ses-20180201_T1w.nii.gz
adni_temporal_horns	035S4085	sub-035S4085_ses-20110706_run-01_T1w.nii.gz
adni_temporal_horns	035S4256	sub-035S4256_ses-20111214_run-01_T1w.nii.gz
adni_temporal_horns	035S4414	sub-035S4414_ses-20120319_run-01_T1w.nii.gz
adni_temporal_horns	035S4582	sub-035S4582_ses-20120320_run-01_T1w.nii.gz
adni_temporal_horns	035S6195	sub-035S6195_ses-20180207_T1w.nii.gz
adni_temporal_horns	035S6551	sub-035S6551_ses-20180815_T1w.nii.gz
adni_temporal_horns	035S7043	sub-035S7043_ses-20240307_T1w.nii.gz
adni_temporal_horns	036S4389	sub-036S4389_ses-20111207_run-01_T1w.nii.gz
adni_temporal_horns	036S4538	sub-036S4538_ses-20120305_run-01_T1w.nii.gz
adni_temporal_horns	036S4714	sub-036S4714_ses-20120511_run-01_T1w.nii.gz
adni_temporal_horns	036S4740	sub-036S4740_ses-20120525_run-01_T1w.nii.gz
adni_temporal_horns	036S4878	sub-036S4878_ses-20120802_run-01_T1w.nii.gz
adni_temporal_horns	036S4894	sub-036S4894_ses-20120809_run-01_T1w.nii.gz
adni_temporal_horns	036S5210	sub-036S5210_ses-20130612_run-02_T1w.nii.gz
adni_temporal_horns	036S6099	sub-036S6099_ses-20171025_T1w.nii.gz
adni_temporal_horns	036S6134	sub-036S6134_ses-20171204_T1w.nii.gz
adni_temporal_horns	036S6179	sub-036S6179_ses-20200901_T1w.nii.gz
adni_temporal_horns	036S6231	sub-036S6231_ses-20180305_T1w.nii.gz
adni_temporal_horns	036S6894	sub-036S6894_ses-20201118_T1w.nii.gz
adni_temporal_horns	036S7023	sub-036S7023_ses-20211103_T1w.nii.gz
adni_temporal_horns	036S7044	sub-036S7044_ses-20220221_T1w.nii.gz
adni_temporal_horns	037S0454	sub-037S0454_ses-20130114_run-01_T1w.nii.gz
adni_temporal_horns	037S0467	sub-037S0467_ses-20130515_run-02_T1w.nii.gz
adni_temporal_horns	037S0566	sub-037S0566_ses-20121206_run-01_T1w.nii.gz
adni_temporal_horns	037S10087	sub-037S10087_ses-20240604_T1w.nii.gz
adni_temporal_horns	037S10464	sub-037S10464_ses-20250415_T1w.nii.gz
adni_temporal_horns	037S4001	sub-037S4001_ses-20110221_run-01_T1w.nii.gz
adni_temporal_horns	037S4770	sub-037S4770_ses-20120709_run-01_T1w.nii.gz
adni_temporal_horns	037S5222	sub-037S5222_ses-20130711_run-02_T1w.nii.gz
adni_temporal_horns	037S6083	sub-037S6083_ses-20171010_T1w.nii.gz
adni_temporal_horns	037S6187	sub-037S6187_ses-20180314_T1w.nii.gz
adni_temporal_horns	037S6204	sub-037S6204_ses-20180309_T1w.nii.gz
adni_temporal_horns	037S6230	sub-037S6230_ses-20180601_T1w.nii.gz
adni_temporal_horns	037S6377	sub-037S6377_ses-20180706_T1w.nii.gz
adni_temporal_horns	037S6963	sub-037S6963_ses-20210809_T1w.nii.gz
adni_temporal_horns	041S10448	sub-041S10448_ses-20250212_T1w.nii.gz
adni_temporal_horns	041S10708	sub-041S10708_ses-20250604_T1w.nii.gz
adni_temporal_horns	041S10712	sub-041S10712_ses-20250516_T1w.nii.gz
adni_temporal_horns	041S10717	sub-041S10717_ses-20250529_T1w.nii.gz
adni_temporal_horns	041S4060	sub-041S4060_ses-20110601_run-01_T1w.nii.gz
adni_temporal_horns	041S4138	sub-041S4138_ses-20110722_run-01_T1w.nii.gz
adni_temporal_horns	041S4509	sub-041S4509_ses-20120210_run-01_T1w.nii.gz
adni_temporal_horns	041S4513	sub-041S4513_ses-20120229_run-01_T1w.nii.gz
adni_temporal_horns	041S4720	sub-041S4720_ses-20120514_run-01_T1w.nii.gz
adni_temporal_horns	041S5141	sub-041S5141_ses-20130418_run-01_T1w.nii.gz
adni_temporal_horns	041S5173	sub-041S5173_ses-20130515_run-02_T1w.nii.gz
adni_temporal_horns	041S5204	sub-041S5204_ses-20130611_run-01_T1w.nii.gz
adni_temporal_horns	051S4980	sub-051S4980_ses-20121029_run-01_T1w.nii.gz
adni_temporal_horns	051S5005	sub-051S5005_ses-20121106_run-01_T1w.nii.gz
adni_temporal_horns	052S0671	sub-052S0671_ses-20150717_run-01_T1w.nii.gz
adni_temporal_horns	052S10159	sub-052S10159_ses-20240718_T1w.nii.gz
adni_temporal_horns	052S10242	sub-052S10242_ses-20240924_T1w.nii.gz
adni_temporal_horns	052S10252	sub-052S10252_ses-20241001_T1w.nii.gz
adni_temporal_horns	052S10267	sub-052S10267_ses-20241031_T1w.nii.gz
adni_temporal_horns	052S10281	sub-052S10281_ses-20241211_T1w.nii.gz
adni_temporal_horns	052S10286	sub-052S10286_ses-20241022_T1w.nii.gz
adni_temporal_horns	052S10307	sub-052S10307_ses-20241223_T1w.nii.gz
adni_temporal_horns	052S10349	sub-052S10349_ses-20250103_T1w.nii.gz
adni_temporal_horns	052S4807	sub-052S4807_ses-20120727_run-01_T1w.nii.gz
adni_temporal_horns	052S4944	sub-052S4944_ses-20121019_run-01_T1w.nii.gz
adni_temporal_horns	052S4959	sub-052S4959_ses-20130304_run-01_T1w.nii.gz
adni_temporal_horns	052S6844	sub-052S6844_ses-20200103_T1w.nii.gz
adni_temporal_horns	053S4557	sub-053S4557_ses-20120308_run-01_T1w.nii.gz
adni_temporal_horns	053S6598	sub-053S6598_ses-20181011_T1w.nii.gz
adni_temporal_horns	053S7109	sub-053S7109_ses-20220922_T1w.nii.gz
adni_temporal_horns	057S4110	sub-057S4110_ses-20110708_run-02_T1w.nii.gz
adni_temporal_horns	057S4888	sub-057S4888_ses-20120803_run-01_T1w.nii.gz
adni_temporal_horns	057S4909	sub-057S4909_ses-20120823_run-01_T1w.nii.gz
adni_temporal_horns	057S6869	sub-057S6869_ses-20210224_T1w.nii.gz
adni_temporal_horns	067S0257	sub-067S0257_ses-20130820_run-02_T1w.nii.gz
adni_temporal_horns	067S10474	sub-067S10474_ses-20250224_T1w.nii.gz
adni_temporal_horns	067S10844	sub-067S10844_ses-20250721_T1w.nii.gz
adni_temporal_horns	067S2196	sub-067S2196_ses-20101122_run-01_T1w.nii.gz
adni_temporal_horns	067S4310	sub-067S4310_ses-20111027_run-01_T1w.nii.gz
adni_temporal_horns	067S5160	sub-067S5160_ses-20130517_run-01_T1w.nii.gz
adni_temporal_horns	067S6912	sub-067S6912_ses-20210415_T1w.nii.gz
adni_temporal_horns	067S7008	sub-067S7008_ses-20211006_T1w.nii.gz
adni_temporal_horns	068S4134	sub-068S4134_ses-20110728_run-01_T1w.nii.gz
adni_temporal_horns	068S4274	sub-068S4274_ses-20111010_run-01_T1w.nii.gz
adni_temporal_horns	068S4340	sub-068S4340_ses-20111128_run-01_T1w.nii.gz
adni_temporal_horns	068S4424	sub-068S4424_ses-20150602_run-01_T1w.nii.gz
adni_temporal_horns	068S4859	sub-068S4859_ses-20120803_run-01_T1w.nii.gz
adni_temporal_horns	068S5146	sub-068S5146_ses-20130515_run-01_T1w.nii.gz
adni_temporal_horns	068S5206	sub-068S5206_ses-20130626_run-01_T1w.nii.gz
adni_temporal_horns	070S10298	sub-070S10298_ses-20241120_T1w.nii.gz
adni_temporal_horns	070S4692	sub-070S4692_ses-20120508_run-01_T1w.nii.gz
adni_temporal_horns	070S4708	sub-070S4708_ses-20120815_run-01_T1w.nii.gz
adni_temporal_horns	070S4719	sub-070S4719_ses-20120521_run-01_T1w.nii.gz
adni_temporal_horns	070S6191	sub-070S6191_ses-20180130_run-01_T1w.nii.gz
adni_temporal_horns	070S6548	sub-070S6548_ses-20180808_run-01_T1w.nii.gz
adni_temporal_horns	070S6966	sub-070S6966_ses-20210628_run-02_T1w.nii.gz
adni_temporal_horns	072S4007	sub-072S4007_ses-20110308_run-01_T1w.nii.gz
adni_temporal_horns	072S4131	sub-072S4131_ses-20110725_run-01_T1w.nii.gz
adni_temporal_horns	072S4226	sub-072S4226_ses-20120420_run-01_T1w.nii.gz
adni_temporal_horns	072S4391	sub-072S4391_ses-20120106_run-01_T1w.nii.gz
adni_temporal_horns	072S4462	sub-072S4462_ses-20120202_run-01_T1w.nii.gz
adni_temporal_horns	072S4610	sub-072S4610_ses-20120330_run-01_T1w.nii.gz
adni_temporal_horns	072S4769	sub-072S4769_ses-20120712_run-01_T1w.nii.gz
adni_temporal_horns	072S4871	sub-072S4871_ses-20120809_run-01_T1w.nii.gz
adni_temporal_horns	073S0746	sub-073S0746_ses-20120213_run-01_T1w.nii.gz
adni_temporal_horns	073S10089	sub-073S10089_ses-20240529_T1w.nii.gz
adni_temporal_horns	073S10105	sub-073S10105_ses-20240502_T1w.nii.gz
adni_temporal_horns	073S10177	sub-073S10177_ses-20240916_T1w.nii.gz
adni_temporal_horns	073S10254	sub-073S10254_ses-20240924_T1w.nii.gz
adni_temporal_horns	073S2153	sub-073S2153_ses-20110316_run-01_T1w.nii.gz
adni_temporal_horns	073S2191	sub-073S2191_ses-20110107_run-01_T1w.nii.gz
adni_temporal_horns	073S4230	sub-073S4230_ses-20110909_run-01_T1w.nii.gz
adni_temporal_horns	073S4311	sub-073S4311_ses-20111017_run-01_T1w.nii.gz
adni_temporal_horns	073S4382	sub-073S4382_ses-20111115_run-01_T1w.nii.gz
adni_temporal_horns	073S4443	sub-073S4443_ses-20111222_run-01_T1w.nii.gz
adni_temporal_horns	073S4614	sub-073S4614_ses-20120316_run-01_T1w.nii.gz
adni_temporal_horns	073S4739	sub-073S4739_ses-20120516_run-01_T1w.nii.gz
adni_temporal_horns	073S4748	sub-073S4748_ses-20120518_run-01_T1w.nii.gz
adni_temporal_horns	073S4762	sub-073S4762_ses-20120524_run-01_T1w.nii.gz
adni_temporal_horns	073S4795	sub-073S4795_ses-20120606_run-01_T1w.nii.gz
adni_temporal_horns	073S4825	sub-073S4825_ses-20120626_run-01_T1w.nii.gz
adni_temporal_horns	073S4853	sub-073S4853_ses-20120711_run-01_T1w.nii.gz
adni_temporal_horns	073S5016	sub-073S5016_ses-20121025_run-01_T1w.nii.gz
adni_temporal_horns	073S5090	sub-073S5090_ses-20130207_run-01_T1w.nii.gz
adni_temporal_horns	073S6669	sub-073S6669_ses-20210426_T1w.nii.gz
adni_temporal_horns	082S10153	sub-082S10153_ses-20250521_T1w.nii.gz
adni_temporal_horns	082S10809	sub-082S10809_ses-20250609_T1w.nii.gz
adni_temporal_horns	082S2121	sub-082S2121_ses-20101012_run-01_T1w.nii.gz
adni_temporal_horns	082S5029	sub-082S5029_ses-20121114_run-01_T1w.nii.gz
adni_temporal_horns	082S5278	sub-082S5278_ses-20130815_run-02_T1w.nii.gz
adni_temporal_horns	082S6287	sub-082S6287_ses-20180515_run-02_T1w.nii.gz
adni_temporal_horns	082S7117	sub-082S7117_ses-20221103_run-02_T1w.nii.gz
adni_temporal_horns	094S2201	sub-094S2201_ses-20110103_run-01_T1w.nii.gz
adni_temporal_horns	094S4162	sub-094S4162_ses-20110816_run-01_T1w.nii.gz
adni_temporal_horns	094S4560	sub-094S4560_ses-20120316_run-01_T1w.nii.gz
adni_temporal_horns	094S4737	sub-094S4737_ses-20120828_run-01_T1w.nii.gz
adni_temporal_horns	094S6417	sub-094S6417_ses-20180622_T1w.nii.gz
adni_temporal_horns	098S10480	sub-098S10480_ses-20250312_T1w.nii.gz
adni_temporal_horns	098S10543	sub-098S10543_ses-20250311_T1w.nii.gz
adni_temporal_horns	098S4018	sub-098S4018_ses-20110422_run-01_T1w.nii.gz
adni_temporal_horns	098S4201	sub-098S4201_ses-20110914_run-01_T1w.nii.gz
adni_temporal_horns	099S2042	sub-099S2042_ses-20100818_run-01_T1w.nii.gz
adni_temporal_horns	099S2205	sub-099S2205_ses-20101130_run-01_T1w.nii.gz
adni_temporal_horns	099S4475	sub-099S4475_ses-20120201_run-01_T1w.nii.gz
adni_temporal_horns	099S4994	sub-099S4994_ses-20121203_run-01_T1w.nii.gz
adni_temporal_horns	099S6396	sub-099S6396_ses-20180605_T1w.nii.gz
adni_temporal_horns	100S10034	sub-100S10034_ses-20240202_run-01_T1w.nii.gz
adni_temporal_horns	100S10036	sub-100S10036_ses-20240326_run-01_T1w.nii.gz
adni_temporal_horns	100S10108	sub-100S10108_ses-20240709_run-01_T1w.nii.gz
adni_temporal_horns	100S5102	sub-100S5102_ses-20130329_run-01_T1w.nii.gz
adni_temporal_horns	100S5106	sub-100S5106_ses-20130422_run-01_T1w.nii.gz
adni_temporal_horns	100S6273	sub-100S6273_ses-20180402_T1w.nii.gz
adni_temporal_horns	100S6493	sub-100S6493_ses-20180918_T1w.nii.gz
adni_temporal_horns	100S6578	sub-100S6578_ses-20180927_T1w.nii.gz
adni_temporal_horns	109S4260	sub-109S4260_ses-20111014_run-01_T1w.nii.gz
adni_temporal_horns	109S4378	sub-109S4378_ses-20111206_run-01_T1w.nii.gz
adni_temporal_horns	109S6215	sub-109S6215_ses-20180313_run-01_T1w.nii.gz
adni_temporal_horns	109S6221	sub-109S6221_ses-20180717_run-02_T1w.nii.gz
adni_temporal_horns	109S6300	sub-109S6300_ses-20180725_run-01_T1w.nii.gz
adni_temporal_horns	114S10442	sub-114S10442_ses-20250131_T1w.nii.gz
adni_temporal_horns	114S10615	sub-114S10615_ses-20250325_T1w.nii.gz
adni_temporal_horns	114S10841	sub-114S10841_ses-20250708_T1w.nii.gz
adni_temporal_horns	114S6368	sub-114S6368_ses-20180703_run-01_T1w.nii.gz
adni_temporal_horns	116S4195	sub-116S4195_ses-20110831_run-01_T1w.nii.gz
adni_temporal_horns	116S4209	sub-116S4209_ses-20110829_run-01_T1w.nii.gz
adni_temporal_horns	116S4537	sub-116S4537_ses-20120216_run-01_T1w.nii.gz
adni_temporal_horns	116S4855	sub-116S4855_ses-20120720_run-01_T1w.nii.gz
adni_temporal_horns	116S6439	sub-116S6439_ses-20180629_run-01_T1w.nii.gz
adni_temporal_horns	116S6543	sub-116S6543_ses-20180821_run-02_T1w.nii.gz
adni_temporal_horns	116S6624	sub-116S6624_ses-20181102_run-01_T1w.nii.gz
adni_temporal_horns	116S6775	sub-116S6775_ses-20190815_run-02_T1w.nii.gz
adni_temporal_horns	123S0106	sub-123S0106_ses-20170628_T1w.nii.gz
adni_temporal_horns	123S10776	sub-123S10776_ses-20250514_run-01_T1w.nii.gz
adni_temporal_horns	123S4526	sub-123S4526_ses-20120209_run-01_T1w.nii.gz
adni_temporal_horns	126S4458	sub-126S4458_ses-20120120_run-01_T1w.nii.gz
adni_temporal_horns	126S4494	sub-126S4494_ses-20120131_run-01_T1w.nii.gz
adni_temporal_horns	126S4712	sub-126S4712_ses-20120508_run-01_T1w.nii.gz
adni_temporal_horns	126S7060	sub-126S7060_ses-20220425_T1w.nii.gz
adni_temporal_horns	126S7083	sub-126S7083_ses-20220615_T1w.nii.gz
adni_temporal_horns	127S4148	sub-127S4148_ses-20110811_run-01_T1w.nii.gz
adni_temporal_horns	127S4197	sub-127S4197_ses-20110822_run-01_T1w.nii.gz
adni_temporal_horns	127S4198	sub-127S4198_ses-20110901_run-01_T1w.nii.gz
adni_temporal_horns	127S4500	sub-127S4500_ses-20120208_run-01_T1w.nii.gz
adni_temporal_horns	127S4843	sub-127S4843_ses-20120718_run-01_T1w.nii.gz
adni_temporal_horns	127S4928	sub-127S4928_ses-20120905_run-01_T1w.nii.gz
adni_temporal_horns	127S5028	sub-127S5028_ses-20121114_run-01_T1w.nii.gz
adni_temporal_horns	127S5056	sub-127S5056_ses-20130103_run-01_T1w.nii.gz
adni_temporal_horns	127S5058	sub-127S5058_ses-20130110_run-01_T1w.nii.gz
adni_temporal_horns	127S5067	sub-127S5067_ses-20130204_run-01_T1w.nii.gz
adni_temporal_horns	127S5095	sub-127S5095_ses-20130227_run-01_T1w.nii.gz
adni_temporal_horns	127S5132	sub-127S5132_ses-20130425_run-01_T1w.nii.gz
adni_temporal_horns	127S6357	sub-127S6357_ses-20180723_T1w.nii.gz
adni_temporal_horns	127S6433	sub-127S6433_ses-20180801_T1w.nii.gz
adni_temporal_horns	127S6549	sub-127S6549_ses-20181003_T1w.nii.gz
adni_temporal_horns	128S2002	sub-128S2002_ses-20100617_run-01_T1w.nii.gz
adni_temporal_horns	128S2123	sub-128S2123_ses-20101021_run-01_T1w.nii.gz
adni_temporal_horns	128S4553	sub-128S4553_ses-20120220_run-01_T1w.nii.gz
adni_temporal_horns	128S4609	sub-128S4609_ses-20120404_run-01_T1w.nii.gz
adni_temporal_horns	128S4671	sub-128S4671_ses-20120502_run-01_T1w.nii.gz
adni_temporal_horns	128S4745	sub-128S4745_ses-20120607_run-01_T1w.nii.gz
adni_temporal_horns	128S4774	sub-128S4774_ses-20120621_run-01_T1w.nii.gz
adni_temporal_horns	128S4792	sub-128S4792_ses-20120618_run-01_T1w.nii.gz
adni_temporal_horns	128S4832	sub-128S4832_ses-20120709_run-01_T1w.nii.gz
adni_temporal_horns	128S5123	sub-128S5123_ses-20121220_run-01_T1w.nii.gz
adni_temporal_horns	129S0778	sub-129S0778_ses-20120913_run-01_T1w.nii.gz
adni_temporal_horns	129S4073	sub-129S4073_ses-20120723_run-01_T1w.nii.gz
adni_temporal_horns	129S4369	sub-129S4369_ses-20120807_run-01_T1w.nii.gz
adni_temporal_horns	129S6304	sub-129S6304_ses-20180416_T1w.nii.gz
adni_temporal_horns	129S6763	sub-129S6763_ses-20190715_T1w.nii.gz
adni_temporal_horns	129S6784	sub-129S6784_ses-20190731_T1w.nii.gz
adni_temporal_horns	130S10192	sub-130S10192_ses-20240822_run-01_T1w.nii.gz
adni_temporal_horns	130S10344	sub-130S10344_ses-20241121_run-01_T1w.nii.gz
adni_temporal_horns	130S10433	sub-130S10433_ses-20250127_run-01_T1w.nii.gz
adni_temporal_horns	130S10592	sub-130S10592_ses-20250313_run-01_T1w.nii.gz
adni_temporal_horns	130S10760	sub-130S10760_ses-20250522_run-01_T1w.nii.gz
adni_temporal_horns	130S2403	sub-130S2403_ses-20121018_run-01_T1w.nii.gz
adni_temporal_horns	130S4352	sub-130S4352_ses-20111115_run-01_T1w.nii.gz
adni_temporal_horns	130S4417	sub-130S4417_ses-20120118_run-01_T1w.nii.gz
adni_temporal_horns	130S4589	sub-130S4589_ses-20120319_run-01_T1w.nii.gz
adni_temporal_horns	130S4641	sub-130S4641_ses-20120404_run-01_T1w.nii.gz
adni_temporal_horns	130S4660	sub-130S4660_ses-20120418_run-01_T1w.nii.gz
adni_temporal_horns	130S4817	sub-130S4817_ses-20120703_run-01_T1w.nii.gz
adni_temporal_horns	130S4883	sub-130S4883_ses-20120810_run-01_T1w.nii.gz
adni_temporal_horns	130S4971	sub-130S4971_ses-20121017_run-01_T1w.nii.gz
adni_temporal_horns	130S4982	sub-130S4982_ses-20121023_run-01_T1w.nii.gz
adni_temporal_horns	130S4984	sub-130S4984_ses-20121017_run-01_T1w.nii.gz
adni_temporal_horns	130S4990	sub-130S4990_ses-20121026_run-01_T1w.nii.gz
adni_temporal_horns	130S5059	sub-130S5059_ses-20130206_run-01_T1w.nii.gz
adni_temporal_horns	130S5231	sub-130S5231_ses-20130716_run-01_T1w.nii.gz
adni_temporal_horns	130S6072	sub-130S6072_ses-20170825_run-01_T1w.nii.gz
adni_temporal_horns	130S6161	sub-130S6161_ses-20180103_T1w.nii.gz
adni_temporal_horns	130S6604	sub-130S6604_ses-20181012_T1w.nii.gz
adni_temporal_horns	130S6639	sub-130S6639_ses-20181204_T1w.nii.gz
adni_temporal_horns	131S0123	sub-131S0123_ses-20150303_run-01_T1w.nii.gz
adni_temporal_horns	131S5138	sub-131S5138_ses-20130402_run-01_T1w.nii.gz
adni_temporal_horns	131S6170	sub-131S6170_ses-20211110_T1w.nii.gz
adni_temporal_horns	131S6519	sub-131S6519_ses-20201001_T1w.nii.gz
adni_temporal_horns	131S6805	sub-131S6805_ses-20190912_T1w.nii.gz
adni_temporal_horns	135S10832	sub-135S10832_ses-20250625_T1w.nii.gz
adni_temporal_horns	135S4356	sub-135S4356_ses-20111110_run-01_T1w.nii.gz
adni_temporal_horns	135S4489	sub-135S4489_ses-20120202_run-01_T1w.nii.gz
adni_temporal_horns	135S4676	sub-135S4676_ses-20120419_run-01_T1w.nii.gz
adni_temporal_horns	135S4689	sub-135S4689_ses-20120427_run-01_T1w.nii.gz
adni_temporal_horns	135S4710	sub-135S4710_ses-20120510_run-01_T1w.nii.gz
adni_temporal_horns	135S4722	sub-135S4722_ses-20120516_run-01_T1w.nii.gz
adni_temporal_horns	135S5015	sub-135S5015_ses-20121113_run-01_T1w.nii.gz
adni_temporal_horns	135S5275	sub-135S5275_ses-20130805_run-01_T1w.nii.gz
adni_temporal_horns	135S6284	sub-135S6284_ses-20180502_T1w.nii.gz
adni_temporal_horns	135S6389	sub-135S6389_ses-20180529_T1w.nii.gz
adni_temporal_horns	135S6411	sub-135S6411_ses-20180604_T1w.nii.gz
adni_temporal_horns	135S6509	sub-135S6509_ses-20180716_T1w.nii.gz
adni_temporal_horns	135S6510	sub-135S6510_ses-20180719_T1w.nii.gz
adni_temporal_horns	135S6703	sub-135S6703_ses-20190326_run-01_T1w.nii.gz
adni_temporal_horns	135S7003	sub-135S7003_ses-20210920_run-01_T1w.nii.gz
adni_temporal_horns	136S0186	sub-136S0186_ses-20121011_run-01_T1w.nii.gz
adni_temporal_horns	136S4433	sub-136S4433_ses-20120116_run-01_T1w.nii.gz
adni_temporal_horns	136S4726	sub-136S4726_ses-20120605_run-01_T1w.nii.gz
adni_temporal_horns	136S4993	sub-136S4993_ses-20121024_run-01_T1w.nii.gz
adni_temporal_horns	137S0301	sub-137S0301_ses-20120420_run-01_T1w.nii.gz
adni_temporal_horns	137S4211	sub-137S4211_ses-20110921_run-01_T1w.nii.gz
adni_temporal_horns	137S4351	sub-137S4351_ses-20111202_run-01_T1w.nii.gz
adni_temporal_horns	137S4672	sub-137S4672_ses-20120416_run-01_T1w.nii.gz
adni_temporal_horns	137S6659	sub-137S6659_ses-20190115_T1w.nii.gz
adni_temporal_horns	137S6693	sub-137S6693_ses-20210222_T1w.nii.gz
adni_temporal_horns	137S6812	sub-137S6812_ses-20191108_T1w.nii.gz
adni_temporal_horns	137S6903	sub-137S6903_ses-20240423_T1w.nii.gz
adni_temporal_horns	137S6906	sub-137S6906_ses-20210614_T1w.nii.gz
adni_temporal_horns	141S1052	sub-141S1052_ses-20131221_run-01_T1w.nii.gz
adni_temporal_horns	141S4711	sub-141S4711_ses-20120512_run-01_T1w.nii.gz
adni_temporal_horns	141S6015	sub-141S6015_ses-20170511_run-01_T1w.nii.gz
adni_temporal_horns	141S6178	sub-141S6178_ses-20190227_run-01_T1w.nii.gz
adni_temporal_horns	141S6779	sub-141S6779_ses-20201027_run-02_T1w.nii.gz
adni_temporal_horns	153S4165	sub-153S4165_ses-20110817_run-01_T1w.nii.gz
adni_temporal_horns	153S4172	sub-153S4172_ses-20110817_run-01_T1w.nii.gz
adni_temporal_horns	153S6274	sub-153S6274_ses-20180322_T1w.nii.gz
adni_temporal_horns	158S10782	sub-158S10782_ses-20250722_run-01_T1w.nii.gz
adni_temporal_horns	158S10862	sub-158S10862_ses-20250807_run-01_T1w.nii.gz
adni_temporal_horns	168S6049	sub-168S6049_ses-20171011_T1w.nii.gz
adni_temporal_horns	168S6065	sub-168S6065_ses-20170905_T1w.nii.gz
adni_temporal_horns	168S6108	sub-168S6108_ses-20171113_T1w.nii.gz
adni_temporal_horns	168S6142	sub-168S6142_ses-20171218_T1w.nii.gz
adni_temporal_horns	168S6318	sub-168S6318_ses-20180419_T1w.nii.gz
adni_temporal_horns	168S6350	sub-168S6350_ses-20180514_T1w.nii.gz
adni_temporal_horns	168S6492	sub-168S6492_ses-20180806_T1w.nii.gz
adni_temporal_horns	168S6634	sub-168S6634_ses-20181127_T1w.nii.gz
adni_temporal_horns	168S6817	sub-168S6817_ses-20191003_T1w.nii.gz
adni_temporal_horns	168S6827	sub-168S6827_ses-20191010_T1w.nii.gz
adni_temporal_horns	168S6874	sub-168S6874_ses-20200622_T1w.nii.gz
adni_temporal_horns	168S6921	sub-168S6921_ses-20210406_T1w.nii.gz
adni_temporal_horns	301S10194	sub-301S10194_ses-20240809_run-01_T1w.nii.gz
adni_temporal_horns	301S6224	sub-301S6224_ses-20180213_T1w.nii.gz
adni_temporal_horns	301S6592	sub-301S6592_ses-20181023_T1w.nii.gz
adni_temporal_horns	301S6698	sub-301S6698_ses-20190329_T1w.nii.gz
adni_temporal_horns	305S6157	sub-305S6157_ses-20180126_T1w.nii.gz
adni_temporal_horns	305S6378	sub-305S6378_ses-20180519_T1w.nii.gz
adni_temporal_horns	305S6742	sub-305S6742_ses-20190622_T1w.nii.gz
adni_temporal_horns	305S6810	sub-305S6810_ses-20191102_T1w.nii.gz
adni_temporal_horns	305S6850	sub-305S6850_ses-20200129_T1w.nii.gz
adni_temporal_horns	305S6877	sub-305S6877_ses-20200723_T1w.nii.gz
adni_temporal_horns	305S6881	sub-305S6881_ses-20200824_T1w.nii.gz
adni_temporal_horns	389S10251	sub-389S10251_ses-20241112_T1w.nii.gz
adni_temporal_horns	389S10860	sub-389S10860_ses-20250707_T1w.nii.gz
adni_temporal_horns	405S10445	sub-405S10445_ses-20250127_run-01_T1w.nii.gz
adni_temporal_horns	405S10539	sub-405S10539_ses-20250303_run-01_T1w.nii.gz
adni_temporal_horns	941S10001	sub-941S10001_ses-20230906_T1w.nii.gz
adni_temporal_horns	941S10002	sub-941S10002_ses-20230823_T1w.nii.gz
adni_temporal_horns	941S10039	sub-941S10039_ses-20240212_T1w.nii.gz
adni_temporal_horns	941S10051	sub-941S10051_ses-20250218_T1w.nii.gz
adni_temporal_horns	941S10148	sub-941S10148_ses-20240715_T1w.nii.gz
adni_temporal_horns	941S10169	sub-941S10169_ses-20240717_T1w.nii.gz
adni_temporal_horns	941S10279	sub-941S10279_ses-20241015_T1w.nii.gz
adni_temporal_horns	941S1202	sub-941S1202_ses-20110616_run-01_T1w.nii.gz
adni_temporal_horns	941S4100	sub-941S4100_ses-20110718_run-01_T1w.nii.gz
adni_temporal_horns	941S4365	sub-941S4365_ses-20111122_run-01_T1w.nii.gz
adni_temporal_horns	941S6052	sub-941S6052_ses-20170720_T1w.nii.gz
adni_temporal_horns	941S6054	sub-941S6054_ses-20170728_T1w.nii.gz
adni_temporal_horns	941S6496	sub-941S6496_ses-20180717_T1w.nii.gz
adni_temporal_horns	941S6546	sub-941S6546_ses-20180808_T1w.nii.gz
adni_temporal_horns	941S6803	sub-941S6803_ses-20190916_T1w.nii.gz
adni_temporal_horns	941S6962	sub-941S6962_ses-20210713_T1w.nii.gz
adni_temporal_horns	941S7041	sub-941S7041_ses-20220214_T1w.nii.gz
adni_temporal_horns	941S7046	sub-941S7046_ses-20220308_T1w.nii.gz
adni_lateral_ventricles	002S4219	sub-002S4219_ses-20110914_run-01_T1w.nii.gz
adni_lateral_ventricles	002S4251	sub-002S4251_ses-20110926_run-01_T1w.nii.gz
adni_lateral_ventricles	002S4262	sub-002S4262_ses-20111005_run-01_T1w.nii.gz
adni_lateral_ventricles	002S4799	sub-002S4799_ses-20120621_run-01_T1w.nii.gz
adni_lateral_ventricles	002S6007	sub-002S6007_ses-20170331_T1w.nii.gz
adni_lateral_ventricles	003S10622	sub-003S10622_ses-20250326_T1w.nii.gz
adni_lateral_ventricles	003S4136	sub-003S4136_ses-20120105_run-01_T1w.nii.gz
adni_lateral_ventricles	003S4142	sub-003S4142_ses-20110831_run-01_T1w.nii.gz
adni_lateral_ventricles	003S4152	sub-003S4152_ses-20110830_run-01_T1w.nii.gz
adni_lateral_ventricles	003S4288	sub-003S4288_ses-20111020_run-01_T1w.nii.gz
adni_lateral_ventricles	003S4350	sub-003S4350_ses-20111109_run-01_T1w.nii.gz
adni_lateral_ventricles	003S4373	sub-003S4373_ses-20111215_run-01_T1w.nii.gz
adni_lateral_ventricles	003S4644	sub-003S4644_ses-20120419_run-01_T1w.nii.gz
adni_lateral_ventricles	003S5165	sub-003S5165_ses-20130516_run-01_T1w.nii.gz
adni_lateral_ventricles	003S5187	sub-003S5187_ses-20130607_run-01_T1w.nii.gz
adni_lateral_ventricles	003S6092	sub-003S6092_ses-20171208_T1w.nii.gz
adni_lateral_ventricles	003S6479	sub-003S6479_ses-20191025_T1w.nii.gz
adni_lateral_ventricles	003S6833	sub-003S6833_ses-20191107_T1w.nii.gz
adni_lateral_ventricles	003S6954	sub-003S6954_ses-20210526_T1w.nii.gz
adni_lateral_ventricles	003S6996	sub-003S6996_ses-20210823_T1w.nii.gz
adni_lateral_ventricles	005S0602	sub-005S0602_ses-20171030_T1w.nii.gz
adni_lateral_ventricles	005S10100	sub-005S10100_ses-20240513_T1w.nii.gz
adni_lateral_ventricles	005S10300	sub-005S10300_ses-20250103_T1w.nii.gz
adni_lateral_ventricles	005S4168	sub-005S4168_ses-20110817_run-01_T1w.nii.gz
adni_lateral_ventricles	005S4910	sub-005S4910_ses-20121213_run-01_T1w.nii.gz
adni_lateral_ventricles	005S5038	sub-005S5038_ses-20121213_run-01_T1w.nii.gz
adni_lateral_ventricles	005S5119	sub-005S5119_ses-20130328_run-01_T1w.nii.gz
adni_lateral_ventricles	005S6393	sub-005S6393_ses-20221014_T1w.nii.gz
adni_lateral_ventricles	006S10504	sub-006S10504_ses-20250224_run-01_T1w.nii.gz
adni_lateral_ventricles	006S4153	sub-006S4153_ses-20110803_run-01_T1w.nii.gz
adni_lateral_ventricles	006S4192	sub-006S4192_ses-20110927_run-01_T1w.nii.gz
adni_lateral_ventricles	006S4515	sub-006S4515_ses-20120207_run-01_T1w.nii.gz
adni_lateral_ventricles	006S4867	sub-006S4867_ses-20120807_run-01_T1w.nii.gz
adni_lateral_ventricles	006S6500	sub-006S6500_ses-20180730_T1w.nii.gz
adni_lateral_ventricles	006S6682	sub-006S6682_ses-20190228_T1w.nii.gz
adni_lateral_ventricles	006S6689	sub-006S6689_ses-20190227_T1w.nii.gz
adni_lateral_ventricles	007S10075	sub-007S10075_ses-20240405_T1w.nii.gz
adni_lateral_ventricles	007S2106	sub-007S2106_ses-20100927_run-01_T1w.nii.gz
adni_lateral_ventricles	007S4272	sub-007S4272_ses-20111017_run-01_T1w.nii.gz
adni_lateral_ventricles	007S4568	sub-007S4568_ses-20120301_run-01_T1w.nii.gz
adni_lateral_ventricles	007S4911	sub-007S4911_ses-20121119_run-01_T1w.nii.gz
adni_lateral_ventricles	009S1030	sub-009S1030_ses-20111114_run-01_T1w.nii.gz
adni_lateral_ventricles	009S4388	sub-009S4388_ses-20111213_run-01_T1w.nii.gz
adni_lateral_ventricles	009S4903	sub-009S4903_ses-20120911_run-01_T1w.nii.gz
adni_lateral_ventricles	009S5000	sub-009S5000_ses-20121026_run-01_T1w.nii.gz
adni_lateral_ventricles	009S5037	sub-009S5037_ses-20130108_run-01_T1w.nii.gz
adni_lateral_ventricles	009S5176	sub-009S5176_ses-20130515_run-02_T1w.nii.gz
adni_lateral_ventricles	009S5224	sub-009S5224_ses-20130711_run-02_T1w.nii.gz
adni_lateral_ventricles	009S6212	sub-009S6212_ses-20180226_T1w.nii.gz
adni_lateral_ventricles	010S10867	sub-010S10867_ses-20250722_T1w.nii.gz
adni_lateral_ventricles	010S10871	sub-010S10871_ses-20250812_T1w.nii.gz
adni_lateral_ventricles	010S5163	sub-010S5163_ses-20130529_run-02_T1w.nii.gz
adni_lateral_ventricles	011S0021	sub-011S0021_ses-20101008_run-01_T1w.nii.gz
adni_lateral_ventricles	011S1080	sub-011S1080_ses-20101222_T1w.nii.gz
adni_lateral_ventricles	011S4906	sub-011S4906_ses-20120813_run-01_T1w.nii.gz
adni_lateral_ventricles	011S6303	sub-011S6303_ses-20180412_T1w.nii.gz
adni_lateral_ventricles	011S7028	sub-011S7028_ses-20220311_T1w.nii.gz
adni_lateral_ventricles	012S4012	sub-012S4012_ses-20110720_run-01_T1w.nii.gz
adni_lateral_ventricles	012S4849	sub-012S4849_ses-20120724_run-02_T1w.nii.gz
adni_lateral_ventricles	012S5121	sub-012S5121_ses-20150430_run-01_T1w.nii.gz
adni_lateral_ventricles	012S6073	sub-012S6073_ses-20170922_T1w.nii.gz
adni_lateral_ventricles	013S4917	sub-013S4917_ses-20120831_run-01_T1w.nii.gz
adni_lateral_ventricles	013S6768	sub-013S6768_ses-20190719_run-02_T1w.nii.gz
adni_lateral_ventricles	013S6780	sub-013S6780_ses-20190808_run-01_T1w.nii.gz
adni_lateral_ventricles	013S7103	sub-013S7103_ses-20221024_run-02_T1w.nii.gz
adni_lateral_ventricles	014S10236	sub-014S10236_ses-20240916_T1w.nii.gz
adni_lateral_ventricles	014S10351	sub-014S10351_ses-20250114_T1w.nii.gz
adni_lateral_ventricles	014S10409	sub-014S10409_ses-20250217_T1w.nii.gz
adni_lateral_ventricles	014S4039	sub-014S4039_ses-20110602_run-01_T1w.nii.gz
adni_lateral_ventricles	016S4121	sub-016S4121_ses-20110715_run-01_T1w.nii.gz
adni_lateral_ventricles	016S4353	sub-016S4353_ses-20111118_run-01_T1w.nii.gz
adni_lateral_ventricles	016S4583	sub-016S4583_ses-20120329_run-01_T1w.nii.gz
adni_lateral_ventricles	016S4591	sub-016S4591_ses-20120322_run-01_T1w.nii.gz
adni_lateral_ventricles	016S4646	sub-016S4646_ses-20120510_run-01_T1w.nii.gz
adni_lateral_ventricles	016S4902	sub-016S4902_ses-20120821_run-01_T1w.nii.gz
adni_lateral_ventricles	016S4963	sub-016S4963_ses-20121010_run-01_T1w.nii.gz
adni_lateral_ventricles	016S5031	sub-016S5031_ses-20130213_run-01_T1w.nii.gz
adni_lateral_ventricles	016S5032	sub-016S5032_ses-20121129_run-01_T1w.nii.gz
adni_lateral_ventricles	016S5057	sub-016S5057_ses-20130225_run-01_T1w.nii.gz
adni_lateral_ventricles	016S6708	sub-016S6708_ses-20190326_T1w.nii.gz
adni_lateral_ventricles	016S6771	sub-016S6771_ses-20190717_T1w.nii.gz
adni_lateral_ventricles	016S6836	sub-016S6836_ses-20191119_T1w.nii.gz
adni_lateral_ventricles	016S6839	sub-016S6839_ses-20191203_T1w.nii.gz
adni_lateral_ventricles	016S7039	sub-016S7039_ses-20220120_T1w.nii.gz
adni_lateral_ventricles	018S2155	sub-018S2155_ses-20110302_run-01_T1w.nii.gz
adni_lateral_ventricles	018S4399	sub-018S4399_ses-20111215_run-01_T1w.nii.gz
adni_lateral_ventricles	018S4696	sub-018S4696_ses-20120501_run-01_T1w.nii.gz
adni_lateral_ventricles	018S4733	sub-018S4733_ses-20120523_run-01_T1w.nii.gz
adni_lateral_ventricles	018S5074	sub-018S5074_ses-20130215_run-01_T1w.nii.gz
adni_lateral_ventricles	018S5240	sub-018S5240_ses-20130723_run-02_T1w.nii.gz
adni_lateral_ventricles	019S10705	sub-019S10705_ses-20250513_T1w.nii.gz
adni_lateral_ventricles	019S4477	sub-019S4477_ses-20120125_run-01_T1w.nii.gz
adni_lateral_ventricles	019S4549	sub-019S4549_ses-20120423_run-01_T1w.nii.gz
adni_lateral_ventricles	019S4835	sub-019S4835_ses-20120710_run-01_T1w.nii.gz
adni_lateral_ventricles	020S4920	sub-020S4920_ses-20120913_run-01_T1w.nii.gz
adni_lateral_ventricles	020S6449	sub-020S6449_ses-20180706_T1w.nii.gz
adni_lateral_ventricles	020S6470	sub-020S6470_ses-20180716_T1w.nii.gz
adni_lateral_ventricles	021S2142	sub-021S2142_ses-20101022_run-01_T1w.nii.gz
adni_lateral_ventricles	021S4718	sub-021S4718_ses-20120516_run-01_T1w.nii.gz
adni_lateral_ventricles	021S5237	sub-021S5237_ses-20130627_run-01_T1w.nii.gz
adni_lateral_ventricles	021S7045	sub-021S7045_ses-20220222_T1w.nii.gz
adni_lateral_ventricles	021S7055	sub-021S7055_ses-20220318_T1w.nii.gz
adni_lateral_ventricles	022S10132	sub-022S10132_ses-20240603_T1w.nii.gz
adni_lateral_ventricles	022S10143	sub-022S10143_ses-20240702_T1w.nii.gz
adni_lateral_ventricles	022S10306	sub-022S10306_ses-20250117_T1w.nii.gz
adni_lateral_ventricles	022S10323	sub-022S10323_ses-20241219_T1w.nii.gz
adni_lateral_ventricles	022S10343	sub-022S10343_ses-20250122_T1w.nii.gz
adni_lateral_ventricles	022S10381	sub-022S10381_ses-20250128_T1w.nii.gz
adni_lateral_ventricles	022S2087	sub-022S2087_ses-20101005_run-01_T1w.nii.gz
adni_lateral_ventricles	022S4444	sub-022S4444_ses-20120214_run-01_T1w.nii.gz
adni_lateral_ventricles	022S6013	sub-022S6013_ses-20170426_run-02_T1w.nii.gz
adni_lateral_ventricles	022S6280	sub-022S6280_ses-20180406_run-02_T1w.nii.gz
adni_lateral_ventricles	022S6796	sub-022S6796_ses-20190903_T1w.nii.gz
adni_lateral_ventricles	022S6863	sub-022S6863_ses-20200820_T1w.nii.gz
adni_lateral_ventricles	023S0031	sub-023S0031_ses-20180417_T1w.nii.gz
adni_lateral_ventricles	023S10094	sub-023S10094_ses-20240403_T1w.nii.gz
adni_lateral_ventricles	023S10752	sub-023S10752_ses-20250523_T1w.nii.gz
adni_lateral_ventricles	023S1190	sub-023S1190_ses-20171023_T1w.nii.gz
adni_lateral_ventricles	023S4020	sub-023S4020_ses-20110503_run-01_T1w.nii.gz
adni_lateral_ventricles	023S4501	sub-023S4501_ses-20120322_run-01_T1w.nii.gz
adni_lateral_ventricles	023S4502	sub-023S4502_ses-20120306_run-01_T1w.nii.gz
adni_lateral_ventricles	023S4796	sub-023S4796_ses-20120822_run-01_T1w.nii.gz
adni_lateral_ventricles	023S6400	sub-023S6400_ses-20180530_T1w.nii.gz
adni_lateral_ventricles	023S6547	sub-023S6547_ses-20180807_T1w.nii.gz
adni_lateral_ventricles	024S2239	sub-024S2239_ses-20101203_run-01_T1w.nii.gz
adni_lateral_ventricles	024S4223	sub-024S4223_ses-20110912_run-01_T1w.nii.gz
adni_lateral_ventricles	024S4280	sub-024S4280_ses-20111018_run-01_T1w.nii.gz
adni_lateral_ventricles	024S5054	sub-024S5054_ses-20121220_run-01_T1w.nii.gz
adni_lateral_ventricles	024S5290	sub-024S5290_ses-20170912_T1w.nii.gz
adni_lateral_ventricles	027S10289	sub-027S10289_ses-20241108_T1w.nii.gz
adni_lateral_ventricles	027S10438	sub-027S10438_ses-20250130_T1w.nii.gz
adni_lateral_ventricles	027S10457	sub-027S10457_ses-20250130_T1w.nii.gz
adni_lateral_ventricles	027S2336	sub-027S2336_ses-20110320_run-01_T1w.nii.gz
adni_lateral_ventricles	027S4802	sub-027S4802_ses-20120722_run-01_T1w.nii.gz
adni_lateral_ventricles	027S4804	sub-027S4804_ses-20120716_run-01_T1w.nii.gz
adni_lateral_ventricles	027S4964	sub-027S4964_ses-20121006_run-01_T1w.nii.gz
adni_lateral_ventricles	027S4966	sub-027S4966_ses-20121013_run-01_T1w.nii.gz
adni_lateral_ventricles	027S5109	sub-027S5109_ses-20130325_run-01_T1w.nii.gz
adni_lateral_ventricles	027S5170	sub-027S5170_ses-20130523_run-01_T1w.nii.gz
adni_lateral_ventricles	027S5197	sub-027S5197_ses-20130609_run-01_T1w.nii.gz
adni_lateral_ventricles	027S6183	sub-027S6183_ses-20180201_T1w.nii.gz
adni_lateral_ventricles	027S6516	sub-027S6516_ses-20180816_T1w.nii.gz
adni_lateral_ventricles	027S6640	sub-027S6640_ses-20181226_T1w.nii.gz
adni_lateral_ventricles	027S6643	sub-027S6643_ses-20181226_T1w.nii.gz
adni_lateral_ventricles	027S6648	sub-027S6648_ses-20190102_T1w.nii.gz
adni_lateral_ventricles	027S6788	sub-027S6788_ses-20190805_T1w.nii.gz
adni_lateral_ventricles	027S6842	sub-027S6842_ses-20200131_T1w.nii.gz
adni_lateral_ventricles	027S6849	sub-027S6849_ses-20200210_T1w.nii.gz
adni_lateral_ventricles	027S7054	sub-027S7054_ses-20220318_T1w.nii.gz
adni_lateral_ventricles	029S5166	sub-029S5166_ses-20130522_run-02_T1w.nii.gz
adni_lateral_ventricles	029S5219	sub-029S5219_ses-20130625_run-02_T1w.nii.gz
adni_lateral_ventricles	029S6505	sub-029S6505_ses-20180906_T1w.nii.gz
adni_lateral_ventricles	029S6579	sub-029S6579_ses-20180912_T1w.nii.gz
adni_lateral_ventricles	031S2022	sub-031S2022_ses-20100714_run-01_T1w.nii.gz
adni_lateral_ventricles	031S2233	sub-031S2233_ses-20101215_run-01_T1w.nii.gz
adni_lateral_ventricles	031S4005	sub-031S4005_ses-20110404_run-01_T1w.nii.gz
adni_lateral_ventricles	031S4218	sub-031S4218_ses-20110908_run-01_T1w.nii.gz
adni_lateral_ventricles	031S4590	sub-031S4590_ses-20120315_run-01_T1w.nii.gz
adni_lateral_ventricles	032S2119	sub-032S2119_ses-20101005_run-01_T1w.nii.gz
adni_lateral_ventricles	032S2247	sub-032S2247_ses-20101222_run-01_T1w.nii.gz
adni_lateral_ventricles	032S4755	sub-032S4755_ses-20120702_run-01_T1w.nii.gz
adni_lateral_ventricles	032S6294	sub-032S6294_ses-20180503_T1w.nii.gz
adni_lateral_ventricles	032S6600	sub-032S6600_ses-20181019_T1w.nii.gz
adni_lateral_ventricles	033S10009	sub-033S10009_ses-20230926_T1w.nii.gz
adni_lateral_ventricles	033S10025	sub-033S10025_ses-20231218_T1w.nii.gz
adni_lateral_ventricles	033S10092	sub-033S10092_ses-20240423_T1w.nii.gz
adni_lateral_ventricles	033S10144	sub-033S10144_ses-20240705_T1w.nii.gz
adni_lateral_ventricles	033S1016	sub-033S1016_ses-20171206_T1w.nii.gz
adni_lateral_ventricles	033S10175	sub-033S10175_ses-20240726_T1w.nii.gz
adni_lateral_ventricles	033S1098	sub-033S1098_ses-20171204_T1w.nii.gz
adni_lateral_ventricles	033S4505	sub-033S4505_ses-20130219_run-01_T1w.nii.gz
adni_lateral_ventricles	033S5013	sub-033S5013_ses-20130607_run-02_T1w.nii.gz
adni_lateral_ventricles	033S5087	sub-033S5087_ses-20130214_run-01_T1w.nii.gz
adni_lateral_ventricles	033S5198	sub-033S5198_ses-20130603_run-02_T1w.nii.gz
adni_lateral_ventricles	033S5259	sub-033S5259_ses-20130725_run-02_T1w.nii.gz
adni_lateral_ventricles	033S6572	sub-033S6572_ses-20180904_T1w.nii.gz
adni_lateral_ventricles	033S6697	sub-033S6697_ses-20190314_T1w.nii.gz
adni_lateral_ventricles	033S6705	sub-033S6705_ses-20190326_T1w.nii.gz
adni_lateral_ventricles	033S6824	sub-033S6824_ses-20191001_T1w.nii.gz
adni_lateral_ventricles	033S6976	sub-033S6976_ses-20210702_T1w.nii.gz
adni_lateral_ventricles	033S7066	sub-033S7066_ses-20220418_T1w.nii.gz
adni_lateral_ventricles	033S7114	sub-033S7114_ses-20221021_T1w.nii.gz
adni_lateral_ventricles	035S0555	sub-035S0555_ses-20180201_T1w.nii.gz
adni_lateral_ventricles	035S4085	sub-035S4085_ses-20110706_run-01_T1w.nii.gz
adni_lateral_ventricles	035S4256	sub-035S4256_ses-20111214_run-01_T1w.nii.gz
adni_lateral_ventricles	035S4414	sub-035S4414_ses-20120319_run-01_T1w.nii.gz
adni_lateral_ventricles	035S4582	sub-035S4582_ses-20120320_run-01_T1w.nii.gz
adni_lateral_ventricles	035S6195	sub-035S6195_ses-20180207_T1w.nii.gz
adni_lateral_ventricles	035S6551	sub-035S6551_ses-20180815_T1w.nii.gz
adni_lateral_ventricles	035S7043	sub-035S7043_ses-20240307_T1w.nii.gz
adni_lateral_ventricles	036S4389	sub-036S4389_ses-20111207_run-01_T1w.nii.gz
adni_lateral_ventricles	036S4538	sub-036S4538_ses-20120305_run-01_T1w.nii.gz
adni_lateral_ventricles	036S4714	sub-036S4714_ses-20120511_run-01_T1w.nii.gz
adni_lateral_ventricles	036S4740	sub-036S4740_ses-20120525_run-01_T1w.nii.gz
adni_lateral_ventricles	036S4878	sub-036S4878_ses-20120802_run-01_T1w.nii.gz
adni_lateral_ventricles	036S4894	sub-036S4894_ses-20120809_run-01_T1w.nii.gz
adni_lateral_ventricles	036S5210	sub-036S5210_ses-20130612_run-02_T1w.nii.gz
adni_lateral_ventricles	036S6099	sub-036S6099_ses-20171025_T1w.nii.gz
adni_lateral_ventricles	036S6134	sub-036S6134_ses-20171204_T1w.nii.gz
adni_lateral_ventricles	036S6179	sub-036S6179_ses-20200901_T1w.nii.gz
adni_lateral_ventricles	036S6231	sub-036S6231_ses-20180305_T1w.nii.gz
adni_lateral_ventricles	036S6894	sub-036S6894_ses-20201118_T1w.nii.gz
adni_lateral_ventricles	036S7023	sub-036S7023_ses-20211103_T1w.nii.gz
adni_lateral_ventricles	036S7044	sub-036S7044_ses-20220221_T1w.nii.gz
adni_lateral_ventricles	037S0454	sub-037S0454_ses-20130114_run-01_T1w.nii.gz
adni_lateral_ventricles	037S0467	sub-037S0467_ses-20130515_run-02_T1w.nii.gz
adni_lateral_ventricles	037S0566	sub-037S0566_ses-20121206_run-01_T1w.nii.gz
adni_lateral_ventricles	037S10087	sub-037S10087_ses-20240604_T1w.nii.gz
adni_lateral_ventricles	037S10464	sub-037S10464_ses-20250415_T1w.nii.gz
adni_lateral_ventricles	037S4001	sub-037S4001_ses-20110221_run-01_T1w.nii.gz
adni_lateral_ventricles	037S4770	sub-037S4770_ses-20120709_run-01_T1w.nii.gz
adni_lateral_ventricles	037S5222	sub-037S5222_ses-20130711_run-02_T1w.nii.gz
adni_lateral_ventricles	037S6083	sub-037S6083_ses-20171010_T1w.nii.gz
adni_lateral_ventricles	037S6187	sub-037S6187_ses-20180314_T1w.nii.gz
adni_lateral_ventricles	037S6204	sub-037S6204_ses-20180309_T1w.nii.gz
adni_lateral_ventricles	037S6230	sub-037S6230_ses-20180601_T1w.nii.gz
adni_lateral_ventricles	037S6377	sub-037S6377_ses-20180706_T1w.nii.gz
adni_lateral_ventricles	037S6963	sub-037S6963_ses-20210809_T1w.nii.gz
adni_lateral_ventricles	041S10448	sub-041S10448_ses-20250212_T1w.nii.gz
adni_lateral_ventricles	041S10708	sub-041S10708_ses-20250604_T1w.nii.gz
adni_lateral_ventricles	041S10712	sub-041S10712_ses-20250516_T1w.nii.gz
adni_lateral_ventricles	041S10717	sub-041S10717_ses-20250529_T1w.nii.gz
adni_lateral_ventricles	041S4060	sub-041S4060_ses-20110601_run-01_T1w.nii.gz
adni_lateral_ventricles	041S4138	sub-041S4138_ses-20110722_run-01_T1w.nii.gz
adni_lateral_ventricles	041S4509	sub-041S4509_ses-20120210_run-01_T1w.nii.gz
adni_lateral_ventricles	041S4513	sub-041S4513_ses-20120229_run-01_T1w.nii.gz
adni_lateral_ventricles	041S4720	sub-041S4720_ses-20120514_run-01_T1w.nii.gz
adni_lateral_ventricles	041S5141	sub-041S5141_ses-20130418_run-01_T1w.nii.gz
adni_lateral_ventricles	041S5173	sub-041S5173_ses-20130515_run-02_T1w.nii.gz
adni_lateral_ventricles	041S5204	sub-041S5204_ses-20130611_run-01_T1w.nii.gz
adni_lateral_ventricles	051S4980	sub-051S4980_ses-20121029_run-01_T1w.nii.gz
adni_lateral_ventricles	051S5005	sub-051S5005_ses-20121106_run-01_T1w.nii.gz
adni_lateral_ventricles	052S0671	sub-052S0671_ses-20150717_run-01_T1w.nii.gz
adni_lateral_ventricles	052S10159	sub-052S10159_ses-20240718_T1w.nii.gz
adni_lateral_ventricles	052S10242	sub-052S10242_ses-20240924_T1w.nii.gz
adni_lateral_ventricles	052S10252	sub-052S10252_ses-20241001_T1w.nii.gz
adni_lateral_ventricles	052S10267	sub-052S10267_ses-20241031_T1w.nii.gz
adni_lateral_ventricles	052S10281	sub-052S10281_ses-20241211_T1w.nii.gz
adni_lateral_ventricles	052S10286	sub-052S10286_ses-20241022_T1w.nii.gz
adni_lateral_ventricles	052S10307	sub-052S10307_ses-20241223_T1w.nii.gz
adni_lateral_ventricles	052S10349	sub-052S10349_ses-20250103_T1w.nii.gz
adni_lateral_ventricles	052S4807	sub-052S4807_ses-20120727_run-01_T1w.nii.gz
adni_lateral_ventricles	052S4944	sub-052S4944_ses-20121019_run-01_T1w.nii.gz
adni_lateral_ventricles	052S4959	sub-052S4959_ses-20130304_run-01_T1w.nii.gz
adni_lateral_ventricles	052S6844	sub-052S6844_ses-20200103_T1w.nii.gz
adni_lateral_ventricles	053S4557	sub-053S4557_ses-20120308_run-01_T1w.nii.gz
adni_lateral_ventricles	053S6598	sub-053S6598_ses-20181011_T1w.nii.gz
adni_lateral_ventricles	053S7109	sub-053S7109_ses-20220922_T1w.nii.gz
adni_lateral_ventricles	057S4110	sub-057S4110_ses-20110708_run-02_T1w.nii.gz
adni_lateral_ventricles	057S4888	sub-057S4888_ses-20120803_run-01_T1w.nii.gz
adni_lateral_ventricles	057S4909	sub-057S4909_ses-20120823_run-01_T1w.nii.gz
adni_lateral_ventricles	057S6869	sub-057S6869_ses-20210224_T1w.nii.gz
adni_lateral_ventricles	067S0257	sub-067S0257_ses-20130820_run-02_T1w.nii.gz
adni_lateral_ventricles	067S10474	sub-067S10474_ses-20250224_T1w.nii.gz
adni_lateral_ventricles	067S10844	sub-067S10844_ses-20250721_T1w.nii.gz
adni_lateral_ventricles	067S2196	sub-067S2196_ses-20101122_run-01_T1w.nii.gz
adni_lateral_ventricles	067S4310	sub-067S4310_ses-20111027_run-01_T1w.nii.gz
adni_lateral_ventricles	067S5160	sub-067S5160_ses-20130517_run-01_T1w.nii.gz
adni_lateral_ventricles	067S6912	sub-067S6912_ses-20210415_T1w.nii.gz
adni_lateral_ventricles	067S7008	sub-067S7008_ses-20211006_T1w.nii.gz
adni_lateral_ventricles	068S4134	sub-068S4134_ses-20110728_run-01_T1w.nii.gz
adni_lateral_ventricles	068S4274	sub-068S4274_ses-20111010_run-01_T1w.nii.gz
adni_lateral_ventricles	068S4340	sub-068S4340_ses-20111128_run-01_T1w.nii.gz
adni_lateral_ventricles	068S4424	sub-068S4424_ses-20150602_run-01_T1w.nii.gz
adni_lateral_ventricles	068S4859	sub-068S4859_ses-20120803_run-01_T1w.nii.gz
adni_lateral_ventricles	068S5146	sub-068S5146_ses-20130515_run-01_T1w.nii.gz
adni_lateral_ventricles	068S5206	sub-068S5206_ses-20130626_run-01_T1w.nii.gz
adni_lateral_ventricles	070S10298	sub-070S10298_ses-20241120_T1w.nii.gz
adni_lateral_ventricles	070S4692	sub-070S4692_ses-20120508_run-01_T1w.nii.gz
adni_lateral_ventricles	070S4708	sub-070S4708_ses-20120815_run-01_T1w.nii.gz
adni_lateral_ventricles	070S4719	sub-070S4719_ses-20120521_run-01_T1w.nii.gz
adni_lateral_ventricles	070S6191	sub-070S6191_ses-20180130_run-01_T1w.nii.gz
adni_lateral_ventricles	070S6548	sub-070S6548_ses-20180808_run-01_T1w.nii.gz
adni_lateral_ventricles	070S6966	sub-070S6966_ses-20210628_run-02_T1w.nii.gz
adni_lateral_ventricles	072S4007	sub-072S4007_ses-20110308_run-01_T1w.nii.gz
adni_lateral_ventricles	072S4131	sub-072S4131_ses-20110725_run-01_T1w.nii.gz
adni_lateral_ventricles	072S4226	sub-072S4226_ses-20120420_run-01_T1w.nii.gz
adni_lateral_ventricles	072S4391	sub-072S4391_ses-20120106_run-01_T1w.nii.gz
adni_lateral_ventricles	072S4462	sub-072S4462_ses-20120202_run-01_T1w.nii.gz
adni_lateral_ventricles	072S4610	sub-072S4610_ses-20120330_run-01_T1w.nii.gz
adni_lateral_ventricles	072S4769	sub-072S4769_ses-20120712_run-01_T1w.nii.gz
adni_lateral_ventricles	072S4871	sub-072S4871_ses-20120809_run-01_T1w.nii.gz
adni_lateral_ventricles	073S0746	sub-073S0746_ses-20120213_run-01_T1w.nii.gz
adni_lateral_ventricles	073S10089	sub-073S10089_ses-20240529_T1w.nii.gz
adni_lateral_ventricles	073S10105	sub-073S10105_ses-20240502_T1w.nii.gz
adni_lateral_ventricles	073S10177	sub-073S10177_ses-20240916_T1w.nii.gz
adni_lateral_ventricles	073S10254	sub-073S10254_ses-20240924_T1w.nii.gz
adni_lateral_ventricles	073S2153	sub-073S2153_ses-20110316_run-01_T1w.nii.gz
adni_lateral_ventricles	073S2191	sub-073S2191_ses-20110107_run-01_T1w.nii.gz
adni_lateral_ventricles	073S4230	sub-073S4230_ses-20110909_run-01_T1w.nii.gz
adni_lateral_ventricles	073S4311	sub-073S4311_ses-20111017_run-01_T1w.nii.gz
adni_lateral_ventricles	073S4382	sub-073S4382_ses-20111115_run-01_T1w.nii.gz
adni_lateral_ventricles	073S4443	sub-073S4443_ses-20111222_run-01_T1w.nii.gz
adni_lateral_ventricles	073S4614	sub-073S4614_ses-20120316_run-01_T1w.nii.gz
adni_lateral_ventricles	073S4739	sub-073S4739_ses-20120516_run-01_T1w.nii.gz
adni_lateral_ventricles	073S4748	sub-073S4748_ses-20120518_run-01_T1w.nii.gz
adni_lateral_ventricles	073S4762	sub-073S4762_ses-20120524_run-01_T1w.nii.gz
adni_lateral_ventricles	073S4795	sub-073S4795_ses-20120606_run-01_T1w.nii.gz
adni_lateral_ventricles	073S4825	sub-073S4825_ses-20120626_run-01_T1w.nii.gz
adni_lateral_ventricles	073S4853	sub-073S4853_ses-20120711_run-01_T1w.nii.gz
adni_lateral_ventricles	073S5016	sub-073S5016_ses-20121025_run-01_T1w.nii.gz
adni_lateral_ventricles	073S5090	sub-073S5090_ses-20130207_run-01_T1w.nii.gz
adni_lateral_ventricles	073S6669	sub-073S6669_ses-20210426_T1w.nii.gz
adni_lateral_ventricles	082S10153	sub-082S10153_ses-20250521_T1w.nii.gz
adni_lateral_ventricles	082S10809	sub-082S10809_ses-20250609_T1w.nii.gz
adni_lateral_ventricles	082S2121	sub-082S2121_ses-20101012_run-01_T1w.nii.gz
adni_lateral_ventricles	082S5029	sub-082S5029_ses-20121114_run-01_T1w.nii.gz
adni_lateral_ventricles	082S5278	sub-082S5278_ses-20130815_run-02_T1w.nii.gz
adni_lateral_ventricles	082S6287	sub-082S6287_ses-20180515_run-02_T1w.nii.gz
adni_lateral_ventricles	082S7117	sub-082S7117_ses-20221103_run-02_T1w.nii.gz
adni_lateral_ventricles	094S2201	sub-094S2201_ses-20110103_run-01_T1w.nii.gz
adni_lateral_ventricles	094S4162	sub-094S4162_ses-20110816_run-01_T1w.nii.gz
adni_lateral_ventricles	094S4560	sub-094S4560_ses-20120316_run-01_T1w.nii.gz
adni_lateral_ventricles	094S4737	sub-094S4737_ses-20120828_run-01_T1w.nii.gz
adni_lateral_ventricles	094S6417	sub-094S6417_ses-20180622_T1w.nii.gz
adni_lateral_ventricles	098S10480	sub-098S10480_ses-20250312_T1w.nii.gz
adni_lateral_ventricles	098S10543	sub-098S10543_ses-20250311_T1w.nii.gz
adni_lateral_ventricles	098S4018	sub-098S4018_ses-20110422_run-01_T1w.nii.gz
adni_lateral_ventricles	098S4201	sub-098S4201_ses-20110914_run-01_T1w.nii.gz
adni_lateral_ventricles	099S2042	sub-099S2042_ses-20100818_run-01_T1w.nii.gz
adni_lateral_ventricles	099S2205	sub-099S2205_ses-20101130_run-01_T1w.nii.gz
adni_lateral_ventricles	099S4475	sub-099S4475_ses-20120201_run-01_T1w.nii.gz
adni_lateral_ventricles	099S4994	sub-099S4994_ses-20121203_run-01_T1w.nii.gz
adni_lateral_ventricles	099S6396	sub-099S6396_ses-20180605_T1w.nii.gz
adni_lateral_ventricles	100S10034	sub-100S10034_ses-20240202_run-01_T1w.nii.gz
adni_lateral_ventricles	100S10036	sub-100S10036_ses-20240326_run-01_T1w.nii.gz
adni_lateral_ventricles	100S10108	sub-100S10108_ses-20240709_run-01_T1w.nii.gz
adni_lateral_ventricles	100S5102	sub-100S5102_ses-20130329_run-01_T1w.nii.gz
adni_lateral_ventricles	100S5106	sub-100S5106_ses-20130422_run-01_T1w.nii.gz
adni_lateral_ventricles	100S6273	sub-100S6273_ses-20180402_T1w.nii.gz
adni_lateral_ventricles	100S6493	sub-100S6493_ses-20180918_T1w.nii.gz
adni_lateral_ventricles	100S6578	sub-100S6578_ses-20180927_T1w.nii.gz
adni_lateral_ventricles	109S4260	sub-109S4260_ses-20111014_run-01_T1w.nii.gz
adni_lateral_ventricles	109S4378	sub-109S4378_ses-20111206_run-01_T1w.nii.gz
adni_lateral_ventricles	109S6215	sub-109S6215_ses-20180313_run-01_T1w.nii.gz
adni_lateral_ventricles	109S6221	sub-109S6221_ses-20180717_run-02_T1w.nii.gz
adni_lateral_ventricles	109S6300	sub-109S6300_ses-20180725_run-01_T1w.nii.gz
adni_lateral_ventricles	114S10442	sub-114S10442_ses-20250131_T1w.nii.gz
adni_lateral_ventricles	114S10615	sub-114S10615_ses-20250325_T1w.nii.gz
adni_lateral_ventricles	114S10841	sub-114S10841_ses-20250708_T1w.nii.gz
adni_lateral_ventricles	114S6368	sub-114S6368_ses-20180703_run-01_T1w.nii.gz
adni_lateral_ventricles	116S4195	sub-116S4195_ses-20110831_run-01_T1w.nii.gz
adni_lateral_ventricles	116S4209	sub-116S4209_ses-20110829_run-01_T1w.nii.gz
adni_lateral_ventricles	116S4537	sub-116S4537_ses-20120216_run-01_T1w.nii.gz
adni_lateral_ventricles	116S4855	sub-116S4855_ses-20120720_run-01_T1w.nii.gz
adni_lateral_ventricles	116S6439	sub-116S6439_ses-20180629_run-01_T1w.nii.gz
adni_lateral_ventricles	116S6543	sub-116S6543_ses-20180821_run-02_T1w.nii.gz
adni_lateral_ventricles	116S6624	sub-116S6624_ses-20181102_run-01_T1w.nii.gz
adni_lateral_ventricles	116S6775	sub-116S6775_ses-20190815_run-02_T1w.nii.gz
adni_lateral_ventricles	123S0106	sub-123S0106_ses-20170628_T1w.nii.gz
adni_lateral_ventricles	123S10776	sub-123S10776_ses-20250514_run-01_T1w.nii.gz
adni_lateral_ventricles	123S4526	sub-123S4526_ses-20120209_run-01_T1w.nii.gz
adni_lateral_ventricles	126S4458	sub-126S4458_ses-20120120_run-01_T1w.nii.gz
adni_lateral_ventricles	126S4494	sub-126S4494_ses-20120131_run-01_T1w.nii.gz
adni_lateral_ventricles	126S4712	sub-126S4712_ses-20120508_run-01_T1w.nii.gz
adni_lateral_ventricles	126S7060	sub-126S7060_ses-20220425_T1w.nii.gz
adni_lateral_ventricles	126S7083	sub-126S7083_ses-20220615_T1w.nii.gz
adni_lateral_ventricles	127S4148	sub-127S4148_ses-20110811_run-01_T1w.nii.gz
adni_lateral_ventricles	127S4197	sub-127S4197_ses-20110822_run-01_T1w.nii.gz
adni_lateral_ventricles	127S4198	sub-127S4198_ses-20110901_run-01_T1w.nii.gz
adni_lateral_ventricles	127S4500	sub-127S4500_ses-20120208_run-01_T1w.nii.gz
adni_lateral_ventricles	127S4843	sub-127S4843_ses-20120718_run-01_T1w.nii.gz
adni_lateral_ventricles	127S4928	sub-127S4928_ses-20120905_run-01_T1w.nii.gz
adni_lateral_ventricles	127S5028	sub-127S5028_ses-20121114_run-01_T1w.nii.gz
adni_lateral_ventricles	127S5056	sub-127S5056_ses-20130103_run-01_T1w.nii.gz
adni_lateral_ventricles	127S5058	sub-127S5058_ses-20130110_run-01_T1w.nii.gz
adni_lateral_ventricles	127S5067	sub-127S5067_ses-20130204_run-01_T1w.nii.gz
adni_lateral_ventricles	127S5095	sub-127S5095_ses-20130227_run-01_T1w.nii.gz
adni_lateral_ventricles	127S5132	sub-127S5132_ses-20130425_run-01_T1w.nii.gz
adni_lateral_ventricles	127S6357	sub-127S6357_ses-20180723_T1w.nii.gz
adni_lateral_ventricles	127S6433	sub-127S6433_ses-20180801_T1w.nii.gz
adni_lateral_ventricles	127S6549	sub-127S6549_ses-20181003_T1w.nii.gz
adni_lateral_ventricles	128S2002	sub-128S2002_ses-20100617_run-01_T1w.nii.gz
adni_lateral_ventricles	128S2123	sub-128S2123_ses-20101021_run-01_T1w.nii.gz
adni_lateral_ventricles	128S4553	sub-128S4553_ses-20120220_run-01_T1w.nii.gz
adni_lateral_ventricles	128S4609	sub-128S4609_ses-20120404_run-01_T1w.nii.gz
adni_lateral_ventricles	128S4671	sub-128S4671_ses-20120502_run-01_T1w.nii.gz
adni_lateral_ventricles	128S4745	sub-128S4745_ses-20120607_run-01_T1w.nii.gz
adni_lateral_ventricles	128S4774	sub-128S4774_ses-20120621_run-01_T1w.nii.gz
adni_lateral_ventricles	128S4792	sub-128S4792_ses-20120618_run-01_T1w.nii.gz
adni_lateral_ventricles	128S4832	sub-128S4832_ses-20120709_run-01_T1w.nii.gz
adni_lateral_ventricles	128S5123	sub-128S5123_ses-20121220_run-01_T1w.nii.gz
adni_lateral_ventricles	129S0778	sub-129S0778_ses-20120913_run-01_T1w.nii.gz
adni_lateral_ventricles	129S4073	sub-129S4073_ses-20120723_run-01_T1w.nii.gz
adni_lateral_ventricles	129S4369	sub-129S4369_ses-20120807_run-01_T1w.nii.gz
adni_lateral_ventricles	129S6304	sub-129S6304_ses-20180416_T1w.nii.gz
adni_lateral_ventricles	129S6763	sub-129S6763_ses-20190715_T1w.nii.gz
adni_lateral_ventricles	129S6784	sub-129S6784_ses-20190731_T1w.nii.gz
adni_lateral_ventricles	130S10192	sub-130S10192_ses-20240822_run-01_T1w.nii.gz
adni_lateral_ventricles	130S10344	sub-130S10344_ses-20241121_run-01_T1w.nii.gz
adni_lateral_ventricles	130S10433	sub-130S10433_ses-20250127_run-01_T1w.nii.gz
adni_lateral_ventricles	130S10592	sub-130S10592_ses-20250313_run-01_T1w.nii.gz
adni_lateral_ventricles	130S10760	sub-130S10760_ses-20250522_run-01_T1w.nii.gz
adni_lateral_ventricles	130S2403	sub-130S2403_ses-20121018_run-01_T1w.nii.gz
adni_lateral_ventricles	130S4352	sub-130S4352_ses-20111115_run-01_T1w.nii.gz
adni_lateral_ventricles	130S4417	sub-130S4417_ses-20120118_run-01_T1w.nii.gz
adni_lateral_ventricles	130S4589	sub-130S4589_ses-20120319_run-01_T1w.nii.gz
adni_lateral_ventricles	130S4641	sub-130S4641_ses-20120404_run-01_T1w.nii.gz
adni_lateral_ventricles	130S4660	sub-130S4660_ses-20120418_run-01_T1w.nii.gz
adni_lateral_ventricles	130S4817	sub-130S4817_ses-20120703_run-01_T1w.nii.gz
adni_lateral_ventricles	130S4883	sub-130S4883_ses-20120810_run-01_T1w.nii.gz
adni_lateral_ventricles	130S4971	sub-130S4971_ses-20121017_run-01_T1w.nii.gz
adni_lateral_ventricles	130S4982	sub-130S4982_ses-20121023_run-01_T1w.nii.gz
adni_lateral_ventricles	130S4984	sub-130S4984_ses-20121017_run-01_T1w.nii.gz
adni_lateral_ventricles	130S4990	sub-130S4990_ses-20121026_run-01_T1w.nii.gz
adni_lateral_ventricles	130S5059	sub-130S5059_ses-20130206_run-01_T1w.nii.gz
adni_lateral_ventricles	130S5231	sub-130S5231_ses-20130716_run-01_T1w.nii.gz
adni_lateral_ventricles	130S6072	sub-130S6072_ses-20170825_run-01_T1w.nii.gz
adni_lateral_ventricles	130S6161	sub-130S6161_ses-20180103_T1w.nii.gz
adni_lateral_ventricles	130S6604	sub-130S6604_ses-20181012_T1w.nii.gz
adni_lateral_ventricles	130S6639	sub-130S6639_ses-20181204_T1w.nii.gz
adni_lateral_ventricles	131S0123	sub-131S0123_ses-20150303_run-01_T1w.nii.gz
adni_lateral_ventricles	131S5138	sub-131S5138_ses-20130402_run-01_T1w.nii.gz
adni_lateral_ventricles	131S6170	sub-131S6170_ses-20211110_T1w.nii.gz
adni_lateral_ventricles	131S6519	sub-131S6519_ses-20201001_T1w.nii.gz
adni_lateral_ventricles	131S6805	sub-131S6805_ses-20190912_T1w.nii.gz
adni_lateral_ventricles	135S10832	sub-135S10832_ses-20250625_T1w.nii.gz
adni_lateral_ventricles	135S4356	sub-135S4356_ses-20111110_run-01_T1w.nii.gz
adni_lateral_ventricles	135S4489	sub-135S4489_ses-20120202_run-01_T1w.nii.gz
adni_lateral_ventricles	135S4676	sub-135S4676_ses-20120419_run-01_T1w.nii.gz
adni_lateral_ventricles	135S4689	sub-135S4689_ses-20120427_run-01_T1w.nii.gz
adni_lateral_ventricles	135S4710	sub-135S4710_ses-20120510_run-01_T1w.nii.gz
adni_lateral_ventricles	135S4722	sub-135S4722_ses-20120516_run-01_T1w.nii.gz
adni_lateral_ventricles	135S5015	sub-135S5015_ses-20121113_run-01_T1w.nii.gz
adni_lateral_ventricles	135S5275	sub-135S5275_ses-20130805_run-01_T1w.nii.gz
adni_lateral_ventricles	135S6284	sub-135S6284_ses-20180502_T1w.nii.gz
adni_lateral_ventricles	135S6389	sub-135S6389_ses-20180529_T1w.nii.gz
adni_lateral_ventricles	135S6411	sub-135S6411_ses-20180604_T1w.nii.gz
adni_lateral_ventricles	135S6509	sub-135S6509_ses-20180716_T1w.nii.gz
adni_lateral_ventricles	135S6510	sub-135S6510_ses-20180719_T1w.nii.gz
adni_lateral_ventricles	135S6703	sub-135S6703_ses-20190326_run-01_T1w.nii.gz
adni_lateral_ventricles	135S7003	sub-135S7003_ses-20210920_run-01_T1w.nii.gz
adni_lateral_ventricles	136S0186	sub-136S0186_ses-20121011_run-01_T1w.nii.gz
adni_lateral_ventricles	136S4433	sub-136S4433_ses-20120116_run-01_T1w.nii.gz
adni_lateral_ventricles	136S4726	sub-136S4726_ses-20120605_run-01_T1w.nii.gz
adni_lateral_ventricles	136S4993	sub-136S4993_ses-20121024_run-01_T1w.nii.gz
adni_lateral_ventricles	137S0301	sub-137S0301_ses-20120420_run-01_T1w.nii.gz
adni_lateral_ventricles	137S4211	sub-137S4211_ses-20110921_run-01_T1w.nii.gz
adni_lateral_ventricles	137S4351	sub-137S4351_ses-20111202_run-01_T1w.nii.gz
adni_lateral_ventricles	137S4672	sub-137S4672_ses-20120416_run-01_T1w.nii.gz
adni_lateral_ventricles	137S6659	sub-137S6659_ses-20190115_T1w.nii.gz
adni_lateral_ventricles	137S6693	sub-137S6693_ses-20210222_T1w.nii.gz
adni_lateral_ventricles	137S6812	sub-137S6812_ses-20191108_T1w.nii.gz
adni_lateral_ventricles	137S6903	sub-137S6903_ses-20240423_T1w.nii.gz
adni_lateral_ventricles	137S6906	sub-137S6906_ses-20210614_T1w.nii.gz
adni_lateral_ventricles	141S1052	sub-141S1052_ses-20131221_run-01_T1w.nii.gz
adni_lateral_ventricles	141S4711	sub-141S4711_ses-20120512_run-01_T1w.nii.gz
adni_lateral_ventricles	141S6015	sub-141S6015_ses-20170511_run-01_T1w.nii.gz
adni_lateral_ventricles	141S6178	sub-141S6178_ses-20190227_run-01_T1w.nii.gz
adni_lateral_ventricles	141S6779	sub-141S6779_ses-20201027_run-02_T1w.nii.gz
adni_lateral_ventricles	153S4165	sub-153S4165_ses-20110817_run-01_T1w.nii.gz
adni_lateral_ventricles	153S4172	sub-153S4172_ses-20110817_run-01_T1w.nii.gz
adni_lateral_ventricles	153S6274	sub-153S6274_ses-20180322_T1w.nii.gz
adni_lateral_ventricles	158S10782	sub-158S10782_ses-20250722_run-01_T1w.nii.gz
adni_lateral_ventricles	158S10862	sub-158S10862_ses-20250807_run-01_T1w.nii.gz
adni_lateral_ventricles	168S6049	sub-168S6049_ses-20171011_T1w.nii.gz
adni_lateral_ventricles	168S6065	sub-168S6065_ses-20170905_T1w.nii.gz
adni_lateral_ventricles	168S6108	sub-168S6108_ses-20171113_T1w.nii.gz
adni_lateral_ventricles	168S6142	sub-168S6142_ses-20171218_T1w.nii.gz
adni_lateral_ventricles	168S6318	sub-168S6318_ses-20180419_T1w.nii.gz
adni_lateral_ventricles	168S6350	sub-168S6350_ses-20180514_T1w.nii.gz
adni_lateral_ventricles	168S6492	sub-168S6492_ses-20180806_T1w.nii.gz
adni_lateral_ventricles	168S6634	sub-168S6634_ses-20181127_T1w.nii.gz
adni_lateral_ventricles	168S6817	sub-168S6817_ses-20191003_T1w.nii.gz
adni_lateral_ventricles	168S6827	sub-168S6827_ses-20191010_T1w.nii.gz
adni_lateral_ventricles	168S6874	sub-168S6874_ses-20200622_T1w.nii.gz
adni_lateral_ventricles	168S6921	sub-168S6921_ses-20210406_T1w.nii.gz
adni_lateral_ventricles	301S10194	sub-301S10194_ses-20240809_run-01_T1w.nii.gz
adni_lateral_ventricles	301S6224	sub-301S6224_ses-20180213_T1w.nii.gz
adni_lateral_ventricles	301S6592	sub-301S6592_ses-20181023_T1w.nii.gz
adni_lateral_ventricles	301S6698	sub-301S6698_ses-20190329_T1w.nii.gz
adni_lateral_ventricles	305S6157	sub-305S6157_ses-20180126_T1w.nii.gz
adni_lateral_ventricles	305S6378	sub-305S6378_ses-20180519_T1w.nii.gz
adni_lateral_ventricles	305S6742	sub-305S6742_ses-20190622_T1w.nii.gz
adni_lateral_ventricles	305S6810	sub-305S6810_ses-20191102_T1w.nii.gz
adni_lateral_ventricles	305S6850	sub-305S6850_ses-20200129_T1w.nii.gz
adni_lateral_ventricles	305S6877	sub-305S6877_ses-20200723_T1w.nii.gz
adni_lateral_ventricles	305S6881	sub-305S6881_ses-20200824_T1w.nii.gz
adni_lateral_ventricles	389S10251	sub-389S10251_ses-20241112_T1w.nii.gz
adni_lateral_ventricles	389S10860	sub-389S10860_ses-20250707_T1w.nii.gz
adni_lateral_ventricles	405S10445	sub-405S10445_ses-20250127_run-01_T1w.nii.gz
adni_lateral_ventricles	405S10539	sub-405S10539_ses-20250303_run-01_T1w.nii.gz
adni_lateral_ventricles	941S10001	sub-941S10001_ses-20230906_T1w.nii.gz
adni_lateral_ventricles	941S10002	sub-941S10002_ses-20230823_T1w.nii.gz
adni_lateral_ventricles	941S10039	sub-941S10039_ses-20240212_T1w.nii.gz
adni_lateral_ventricles	941S10051	sub-941S10051_ses-20250218_T1w.nii.gz
adni_lateral_ventricles	941S10148	sub-941S10148_ses-20240715_T1w.nii.gz
adni_lateral_ventricles	941S10169	sub-941S10169_ses-20240717_T1w.nii.gz
adni_lateral_ventricles	941S10279	sub-941S10279_ses-20241015_T1w.nii.gz
adni_lateral_ventricles	941S1202	sub-941S1202_ses-20110616_run-01_T1w.nii.gz
adni_lateral_ventricles	941S4100	sub-941S4100_ses-20110718_run-01_T1w.nii.gz
adni_lateral_ventricles	941S4365	sub-941S4365_ses-20111122_run-01_T1w.nii.gz
adni_lateral_ventricles	941S6052	sub-941S6052_ses-20170720_T1w.nii.gz
adni_lateral_ventricles	941S6054	sub-941S6054_ses-20170728_T1w.nii.gz
adni_lateral_ventricles	941S6496	sub-941S6496_ses-20180717_T1w.nii.gz
adni_lateral_ventricles	941S6546	sub-941S6546_ses-20180808_T1w.nii.gz
adni_lateral_ventricles	941S6803	sub-941S6803_ses-20190916_T1w.nii.gz
adni_lateral_ventricles	941S6962	sub-941S6962_ses-20210713_T1w.nii.gz
adni_lateral_ventricles	941S7041	sub-941S7041_ses-20220214_T1w.nii.gz
adni_lateral_ventricles	941S7046	sub-941S7046_ses-20220308_T1w.nii.gz
